id,cancion,artista,genero,subestilo,pais,origen,yt_channel_subscribers_log,channel_age_years,is_vevo,is_licensed_content,lastfm_artist_listeners,lastfm_artist_playcount,lastfm_plays_per_listener,lastfm_top_tag_score,lastfm_top10_listeners_mean,lastfm_similar_match_mean,territorio_top_1,territorio_top_2,n_territorios_top,career_stage,label_type,has_featuring,n_collaborators,release_month,duracion_total_s,tempo_bpm,energia_rms_mean,energia_rms_std,brillo_centroide_mean,brillo_centroide_std,ancho_banda_hz,caida_espectral_rolloff,tasa_cruces_cero,bailabilidad_essentia,complejidad_dinamica_essentia,mfcc_1,mfcc_2,mfcc_3,mfcc_4,mfcc_5,nivel,nivel_predicho,prob_bajo,prob_medio,prob_alto
1,Eres Mi Bien,Reik,Balada,Balada pop,MX,real,6.338,18.5,True,True,266722,2589309,9.71,69,69087,0.7752,MX,AR,4,Consagrado,Major,False,0,4,311.15,71.8,0.1480000019073486,0.1070000007748604,1599.18,835.81,2042.0,3324.44,0.0625,0.9247,-16.8249,-172.5193939208984,122.3582992553711,14.0733003616333,15.99709987640381,11.1245002746582,Medio,Medio,0.024865410688339227,0.5299343838173695,0.44520020549429123
2,Cancion_Sint_0140,Artista_Bld_0041,Balada,Balada pop,AR,sintetico,5.21,4.6,True,True,42686,247110,5.79,24,14135,0.5077,MX,PR,2,Emergente,Major,False,0,3,267.41,78.9,0.1403,0.0728,2205.5,957.21,2333.84,4559.76,0.0942,0.8891,-17.6598,-147.3469,90.211,0.0711,14.5445,7.3113,Bajo,Bajo,0.843100787990409,0.13541897048929302,0.02148024152029794
3,"Ay, Mi Amor",Natalia Lafourcade,Balada,Balada folk,MX,real,6.756,16.3,True,True,1431996,44873209,31.34,29,935199,0.6658,ES,MX,4,Consagrado,Major,False,0,9,246.39,107.7,0.1529999971389771,0.0712999999523162,1494.93,684.84,1795.43,2877.88,0.069,1.0695,-16.2903,-138.8789978027344,131.2716979980469,-19.26600074768066,14.9975004196167,8.023200035095215,Medio,Medio,0.023054381995181276,0.6683153400448588,0.3086302779599599
4,Cancion_Sint_0026,Sebastián Yatra,Balada,Balada pop,CO,sintetico,6.778,17.3,True,True,859634,14955744,17.4,79,229897,0.8208,US,VE,3,Consagrado,Major,False,0,11,286.08,77.5,0.1802,0.1125,2429.61,934.91,2476.18,5153.63,0.1116,1.1701,-16.0572,-110.0,90.9241,2.5287,6.4136,2.0058,Medio,Medio,0.03408429360618759,0.6888828708597723,0.27703283553404007
5,El Tiempo,Carlos Rivera,Balada,Balada pop,MX,real,6.716,13.1,True,True,1391629,25612291,18.4,54,744488,0.5988,AR,MX,5,Consagrado,Major,False,0,5,217.01,71.8,0.1888999938964844,0.09009999781847,2106.9,891.76,2329.58,4547.74,0.0855,0.9403,-14.2754,-94.3018035888672,98.16120147705078,6.758800029754639,23.82600021362305,3.256099939346313,Alto,Alto,0.010321365878522162,0.0936590205035612,0.8960196136179167
6,Cancion_Sint_0127,Artista_Bld_0047,Balada,Balada pop,MX,sintetico,5.338,1.3,False,False,72167,1374047,19.04,65,36152,0.5014,MX,,1,Emergente,Major,False,0,3,164.75,100.9,0.1965,0.079,2623.25,969.21,2816.4,5931.89,0.1035,0.9647,-14.8182,-112.2103,69.2077,19.9385,32.0311,13.4953,Bajo,Bajo,0.9157554145622503,0.07315526874604052,0.011089316691709254
7,Cancion_Sint_0112,Artista_Bld_0013,Balada,Balada pop,MX,sintetico,6.262,5.8,True,True,76064,359113,4.72,44,17995,0.4474,CO,,1,Emergente,Indie,False,0,8,261.95,101.7,0.1225,0.0656,2462.98,786.26,2650.95,5508.53,0.0968,1.2508,-20.9723,-145.29,81.8388,5.8443,19.6674,-1.7103,Bajo,Bajo,0.9663712169732577,0.025092602161161482,0.008536180865580844
8,Cancion_Sint_0011,Artista_Bld_0003,Balada,Balada pop,ES,sintetico,6.949,11.9,True,True,1565341,17756582,11.34,91,742561,0.8308,AR,US,5,Consagrado,Major,False,0,12,247.65,78.1,0.1347,0.0698,2440.57,746.87,2495.34,5202.01,0.107,0.9571,-17.2309,-110.0,82.6256,-15.0,28.016,6.5444,Alto,Alto,0.017848129124061647,0.08046475761142739,0.9016871132645108
9,Cancion_Sint_0042,Artista_Bld_0004,Balada,Balada folk,US,sintetico,7.107,15.2,True,True,3601979,55464462,15.4,100,1848009,0.5866,PE,ES,5,Consagrado,Indie,False,0,10,146.64,60.9,0.2566,0.1041,2501.8,965.05,2601.53,5400.1,0.1002,1.0992,-13.4633,-110.0,79.1752,14.4587,14.9406,7.8077,Medio,Medio,0.05796398708279522,0.5763307839455555,0.3657052289716493
10,Cancion_Sint_0028,Pablo Alborán,Balada,Balada pop,ES,sintetico,6.616,16.7,False,True,565278,9385990,16.6,58,241959,0.7403,CO,MX,2,Consagrado,Major,False,0,2,279.09,101.2,0.1218,0.0496,2490.3,743.25,2536.84,5233.58,0.1184,1.2067,-20.056,-112.0288,74.0674,-14.569,35.87,-0.8816,Medio,Medio,0.2772560296885078,0.6036727926961747,0.1190711776153175
11,Tú Me Quemas,Chayanne,Balada,Balada pop,PR,real,5.556,17.0,True,True,52128,653444,12.54,75,26618,0.4594,ES,AR,2,Consagrado,Major,False,0,5,225.26,117.5,0.2294999957084656,0.0878000035881996,2137.36,614.84,2496.65,4777.29,0.0822,1.0589,-13.6004,-63.26919937133789,96.81900024414062,9.760600090026855,26.75160026550293,2.767999887466431,Medio,Medio,0.3126161805956032,0.6082789502423558,0.07910486916204103
12,Que Canten las Niñas,Jesse & Joy,Balada,Balada pop,MX,real,7.17,17.1,False,True,1812905,38659261,21.32,54,683047,0.8292,MX,ES,5,Consagrado,Major,False,0,2,246.97,71.8,0.1190000027418137,0.0406999997794628,1760.11,635.79,2246.03,3871.93,0.0604,1.0739,-19.2939,-161.4140930175781,109.1904983520508,6.288300037384033,28.19919967651367,4.451000213623047,Medio,Medio,0.019986799506181673,0.5695274668990921,0.41048573359472634
13,Cancion_Sint_0150,Artista_Bld_0058,Balada,Balada pop,CO,sintetico,5.455,5.3,False,False,41049,445068,10.84,42,14025,0.6186,MX,,1,Emergente,Major,False,0,7,170.12,101.4,0.1815,0.0865,1941.31,664.73,2263.13,4173.37,0.0745,0.7401,-15.4058,-110.0,105.0,-2.3567,39.6292,6.5249,Bajo,Bajo,0.9632910494750488,0.029697136961830083,0.007011813563121128
14,Hoy Ya Me Voy,Kany García,Balada,Balada pop,PR,real,6.104,17.7,True,True,140460,1724273,12.28,77,70631,0.5073,MX,ES,4,Consagrado,Major,False,0,10,234.87,71.8,0.1377000063657761,0.0586999990046024,1778.58,727.83,2185.98,3660.26,0.072,1.074,-17.1411,-140.0229034423828,116.9362030029297,4.771500110626221,17.95499992370605,2.882999897003174,Alto,Alto,0.024118883085588426,0.17554986711388518,0.8003312498005263
15,Cancion_Sint_0096,Artista_Bld_0007,Balada,Balada rock,ES,sintetico,6.509,10.7,True,True,611687,9280332,15.17,60,136098,0.4386,AR,,1,Establecido,Indie,False,0,5,253.69,95.0,0.2137,0.0886,2639.82,899.89,2844.71,6042.72,0.1045,1.2194,-14.9416,-110.0,74.8292,9.0592,11.6922,8.4825,Bajo,Bajo,0.9116082876390927,0.06816907242420568,0.02022263993670149
16,Amor Genuino,Sebastián Yatra,Balada,Balada pop,CO,real,6.778,17.3,False,False,859634,14955744,17.4,79,229897,0.8208,US,CL,4,Consagrado,Major,False,0,5,276.15,117.5,0.1766999959945679,0.0947000011801719,2340.97,961.64,2469.22,5054.08,0.1003,1.0777,-15.735,-88.88020324707031,92.35749816894533,-0.539900004863739,12.67059993743896,2.122100114822388,Medio,Medio,0.016397116331164543,0.5567237651383884,0.426879118530447
17,Labios Compartidos,Maná,Balada,Balada rock,MX,real,6.342,16.8,False,False,625343,4860960,7.77,77,176803,0.4252,MX,AR,6,Consagrado,Major,False,0,3,285.54,80.75,0.0772999972105026,0.0285000000149011,3034.9,678.23,3019.09,6916.9,0.1276,1.0818,-22.8357,-137.9815063476562,67.04060363769531,14.96230030059814,18.95219993591309,13.05090045928955,Alto,Alto,0.023017260164931684,0.10318425011257569,0.8737984897224925
18,Perfecta,Pablo Alborán,Balada,Balada pop,ES,real,6.616,16.7,False,False,565278,9385990,16.6,58,241959,0.7403,MX,CL,3,Consagrado,Major,False,0,9,257.76,136.0,0.0478000007569789,0.0221999995410442,1986.19,926.17,2425.03,4525.08,0.0682,1.0385,-26.6365,-265.947998046875,97.33740234375,21.98990058898926,29.22669982910156,12.74470043182373,Alto,Alto,0.045277363368936924,0.21685553261343846,0.7378671040176246
19,Cicatrices,Morat,Balada,Balada pop,CO,real,6.813,11.5,True,True,267956,5414735,20.21,79,156520,0.7043,ES,AR,3,Consagrado,Major,True,1,7,190.68,103.4,0.1824000030755997,0.1225999966263771,2154.2,1057.82,2236.29,4537.67,0.0943,0.8041,-14.6156,-107.8432006835938,95.37310028076172,-5.785299777984619,9.303000450134276,6.592599868774414,Medio,Medio,0.03262166545751167,0.7673536635166671,0.20002467102582125
20,Cancion_Sint_0106,Artista_Bld_0026,Balada,Balada pop,MX,sintetico,6.238,5.6,False,False,426805,2435585,5.71,41,246513,0.5963,MX,,1,Establecido,Indie,False,0,2,334.96,98.8,0.1981,0.1001,2296.58,776.45,2580.86,5054.74,0.0983,0.9541,-12.9558,-110.0,101.2515,-0.2498,5.0,-1.5787,Bajo,Bajo,0.9143990868918198,0.07350758363359813,0.012093329474581999
21,La Camisa Negra,Juanes,Balada,Balada rock,CO,real,6.403,19.3,True,False,436350,5791768,13.27,65,110809,0.6194,MX,ES,3,Consagrado,Major,False,0,10,247.25,95.7,0.2409999966621399,0.1137000024318695,2335.12,748.14,2572.83,5257.45,0.0898,1.157,-12.9264,-62.23500061035156,84.88410186767578,7.082399845123291,25.28389930725098,8.882100105285645,Alto,Alto,0.04555183496675933,0.15561096902242924,0.7988371960108115
22,Hay Algo en Mí,Rozalén,Balada,Balada folk,ES,real,5.892,10.7,True,True,40062,679359,16.96,79,14928,0.3745,ES,CO,3,Establecido,Major,False,0,7,190.4,92.3,0.2415000051259995,0.0680999979376792,2298.35,806.64,2532.45,4904.85,0.0826,1.2538,-13.1875,-70.93409729003906,83.88999938964844,3.484899997711182,26.07659912109375,10.38070011138916,Medio,Medio,0.1724622658620727,0.7223377086679311,0.10520002546999609
23,Cancion_Sint_0146,Artista_Bld_0036,Balada,Balada pop,CO,sintetico,4.857,8.0,False,False,23558,229957,9.76,57,10739,0.4532,CO,US,2,Emergente,Major,True,1,1,230.88,71.7,0.1755,0.0902,1978.48,1084.29,2453.24,4589.32,0.0623,1.0208,-16.3788,-182.1831,102.5518,33.5584,5.0,10.1554,Bajo,Bajo,0.7599528870469179,0.2054615799426891,0.03458553301039306
24,Cancion_Sint_0030,Prince Royce,Balada,Balada/bachata,US,sintetico,7.272,15.3,True,True,1015344,11572032,11.4,87,417120,0.632,US,,1,Consagrado,Major,False,0,9,177.07,90.4,0.2289,0.0995,2206.16,986.09,2417.09,4800.39,0.0918,1.0317,-13.6603,-110.0,88.0117,18.6016,28.7798,1.2267,Medio,Bajo,0.4797570192520568,0.4663298659280881,0.053913114819854904
25,Por el Bien del Amor,Kany García,Balada,Balada pop,PR,real,6.104,17.7,True,True,140460,1724273,12.28,77,70631,0.5073,US,PE,2,Consagrado,Major,False,0,10,231.25,71.8,0.148499995470047,0.060199998319149,1694.13,853.82,2184.5,3550.36,0.063,1.0934,-16.7494,-143.6799926757812,120.0835037231445,17.42510032653809,28.95100021362305,8.041600227355957,Medio,Medio,0.2081962551047469,0.6970238774240112,0.09477986747124187
26,Loco,Enrique Iglesias,Balada,Balada pop,ES,real,6.632,14.3,True,False,252535,3573946,14.15,48,76686,0.5444,MX,CO,3,Consagrado,Major,False,0,8,248.64,136.0,0.0511999987065792,0.0313999988138675,1926.77,1036.95,2140.86,4184.93,0.0844,1.1068,-25.3705,-256.3016967773438,89.17379760742188,5.700099945068359,28.16209983825684,2.880199909210205,Alto,Alto,0.05213285822833743,0.31228226002101406,0.6355848817506484
27,Cancion_Sint_0092,Artista_Bld_0004,Balada,Balada folk,US,sintetico,7.107,15.2,True,True,3601979,55464462,15.4,100,1848009,0.5866,US,ES,2,Consagrado,Indie,False,0,3,196.06,74.9,0.1235,0.0718,2158.51,1035.0,2438.28,4651.71,0.089,0.816,-18.488,-197.3371,86.4379,23.1501,25.8106,9.3183,Bajo,Bajo,0.6700265200607499,0.26303881999730927,0.06693465994194092
28,Cancion_Sint_0154,Artista_Bld_0036,Balada,Balada pop,CO,sintetico,4.857,8.0,False,False,23558,229957,9.76,57,10739,0.4532,CO,AR,2,Emergente,Major,False,0,10,260.74,93.7,0.1195,0.0541,2543.78,702.5,2809.44,5814.76,0.0981,1.2452,-19.5951,-110.0,84.5011,-0.6924,18.502,1.6517,Bajo,Bajo,0.8719970566641596,0.11158213198070363,0.016420811355136736
29,Una Más,Paty Cantú,Balada,Balada pop,MX,real,5.348,19.4,False,True,13635,197031,14.45,54,6877,0.3204,MX,CL,2,Consagrado,Major,True,1,6,174.94,80.75,0.2768000066280365,0.1334999948740005,2203.84,904.26,2291.16,4484.45,0.095,0.9856,-11.9092,-61.47100067138672,87.7405014038086,-2.61870002746582,31.41069984436035,4.314000129699707,Medio,Medio,0.31311531694701683,0.6253203812279933,0.06156430182498985
30,Cancion_Sint_0153,Artista_Bld_0049,Balada,Balada rock,GT,sintetico,5.42,8.0,False,True,25629,347781,13.57,44,7742,0.3598,MX,,1,Emergente,Regional,True,1,2,281.12,67.4,0.1487,0.0677,2271.35,969.91,2385.32,4827.11,0.1004,1.1848,-17.5016,-124.6587,93.2026,0.4678,8.1013,6.7962,Bajo,Bajo,0.9591870080363852,0.034923288754618725,0.005889703208995996
31,Me Duele Amarte,Reik,Balada,Balada pop,MX,real,6.338,18.5,True,True,266722,2589309,9.71,69,69087,0.7752,MX,CO,4,Consagrado,Major,False,0,10,194.21,76.0,0.1570000052452087,0.0546000003814697,1698.46,759.13,2310.29,3789.84,0.0553,1.1993,-16.8758,-146.7823944091797,113.3972015380859,20.75950050354004,27.50029945373535,17.47270011901855,Alto,Alto,0.02278070056267882,0.21765295606059848,0.7595663433767227
32,Cancion_Sint_0132,Artista_Bld_0041,Balada,Balada pop,AR,sintetico,5.21,4.6,True,True,42686,247110,5.79,24,14135,0.5077,US,,1,Emergente,Major,False,0,1,252.48,79.4,0.1534,0.0881,3100.0,951.38,3057.31,7272.46,0.1376,0.8936,-16.5935,-110.0,60.0,-2.6296,9.7394,2.5211,Bajo,Bajo,0.9653446970166005,0.027651492630412212,0.007003810352987365
33,Miénteme,La Quinta Estación,Balada,Balada pop,ES,real,6.453,18.6,True,True,344185,3760965,10.93,56,209485,0.4284,ES,US,4,Consagrado,Major,False,0,10,241.19,95.7,0.0785999968647956,0.0432000011205673,2452.77,873.12,2515.37,5212.07,0.1194,0.8722,-22.0137,-153.9199981689453,87.85639953613281,-2.1875,20.31929969787598,9.57900047302246,Alto,Alto,0.018153121598827836,0.12596572513021254,0.8558811532709596
34,Si Me la Quitas,Kany García,Balada,Balada pop,PR,real,6.104,17.7,True,True,140460,1724273,12.28,77,70631,0.5073,MX,PR,2,Consagrado,Major,False,0,5,208.26,76.0,0.215599998831749,0.0966999977827072,1460.14,846.28,2096.51,3035.95,0.047,0.9601,-14.0541,-162.6564025878906,115.8603973388672,26.52370071411133,26.63640022277832,13.04650020599365,Medio,Medio,0.22540400152360646,0.6432504806946063,0.13134551778178732
35,Cancion_Sint_0109,Artista_Bld_0016,Balada,Balada pop,MX,sintetico,5.617,9.0,True,True,58927,867391,14.72,59,21472,0.5771,MX,GT,3,Emergente,Regional,False,0,1,172.99,80.5,0.303,0.0918,2003.84,468.78,2401.05,4498.89,0.0695,0.882,-10.0,-110.0,100.4278,3.4562,44.4306,11.2265,Bajo,Bajo,0.5483381924313877,0.32332232439513525,0.12833948317347701
36,Cancion_Sint_0119,Artista_Bld_0013,Balada,Balada pop,MX,sintetico,6.262,5.8,True,True,76064,359113,4.72,44,17995,0.4474,MX,US,2,Emergente,Indie,False,0,12,258.03,81.4,0.0817,0.0436,2490.33,864.28,2527.08,5297.99,0.1142,1.0515,-22.4536,-158.7742,81.866,-3.3289,28.2201,6.8278,Bajo,Bajo,0.8445783523286905,0.12594082296110215,0.029480824710207385
37,Cancion_Sint_0013,Artista_Bld_0001,Balada,Balada romántica,MX,sintetico,7.061,17.2,True,True,1643246,40807853,24.83,27,1065429,0.5859,PE,MX,3,Consagrado,Major,False,0,10,280.67,118.6,0.04,0.0288,2690.65,859.76,2452.17,5511.7,0.1393,0.8189,-26.823,-200.796,75.9631,-15.0,27.6966,-3.4645,Alto,Alto,0.06809574089961917,0.21494339646694627,0.7169608626334346
38,Cancion_Sint_0084,Rozalén,Balada,Balada folk,ES,sintetico,5.892,10.7,True,True,40062,679359,16.96,79,14928,0.3745,US,,1,Establecido,Major,False,0,8,285.72,108.4,0.2742,0.12,2684.27,1113.63,2923.02,6186.46,0.0981,1.1236,-10.583,-110.0,71.3305,24.9107,11.7442,-0.8895,Bajo,Bajo,0.8283162967304843,0.1556804509741328,0.016003252295382932
39,Amárrame,Mon Laferte,Balada,Balada rock,CL,real,6.813,13.8,True,True,748873,9273229,12.38,58,488644,0.6272,MX,PE,5,Consagrado,Major,False,0,2,205.22,89.1,0.1366000026464462,0.0551000013947486,1884.87,797.82,2191.8,4025.36,0.0753,1.01,-17.9062,-151.5856018066406,102.943603515625,4.578999996185303,24.15139961242676,2.295000076293945,Alto,Alto,0.017440287883913004,0.20635556379587686,0.7762041483202101
40,Tú No Eres Abel,Rozalén,Balada,Balada folk,ES,real,5.892,10.7,True,True,40062,679359,16.96,79,14928,0.3745,ES,US,4,Establecido,Major,False,0,10,178.26,136.0,0.2249000072479248,0.1136000007390976,2557.71,957.55,2577.06,5416.0,0.1101,1.1567,-13.5228,-70.51599884033203,72.15049743652344,4.909999847412109,25.81520080566406,3.25,Medio,Medio,0.034012127451908895,0.8914175965221809,0.0745702760259103
41,Dímelo,Sebastián Yatra,Balada,Balada pop,CO,real,6.778,17.3,True,True,859634,14955744,17.4,79,229897,0.8208,CO,MX,5,Consagrado,Major,False,0,2,247.29,92.3,0.2944000065326691,0.1316000074148178,2397.07,887.47,2550.57,5191.35,0.0931,1.2254,-11.642,-49.51789855957031,80.53019714355469,-1.979200005531311,13.58110046386719,7.901700019836426,Alto,Alto,0.009860573936839798,0.09353185255348652,0.8966075735096737
42,Nada Es Para Siempre,Carlos Rivera,Balada,Balada pop,MX,real,6.716,13.1,True,True,1391629,25612291,18.4,54,744488,0.5988,MX,CO,3,Consagrado,Major,False,0,6,255.3,80.7,0.2150000035762787,0.1243999972939491,1710.58,944.82,2075.39,3705.11,0.0645,0.8618,-13.9157,-125.5876998901367,104.6335983276367,11.5137996673584,27.48940086364746,5.888000011444092,Medio,Medio,0.032527746160297875,0.7932302963441795,0.1742419574955227
43,Cancion_Sint_0003,Sebastián Yatra,Balada,Balada pop,CO,sintetico,6.778,17.3,True,True,859634,14955744,17.4,79,229897,0.8208,MX,CO,3,Consagrado,Major,False,0,10,233.76,81.0,0.2181,0.0905,2101.76,740.4,2246.05,4251.35,0.1026,1.0944,-12.7814,-110.0,105.0,-5.7494,23.5415,0.893,Alto,Alto,0.04027809302498237,0.364303133625551,0.5954187733494666
44,Cancion_Sint_0012,Artista_Bld_0005,Balada,Balada pop,MX,sintetico,7.064,12.9,True,True,311506,1818468,5.84,50,111795,0.7506,VE,US,3,Consagrado,Major,False,0,3,209.11,96.6,0.2036,0.0918,3098.76,864.1,3049.43,7017.95,0.1309,1.0324,-14.1755,-110.0,60.0,-4.7139,19.0748,13.4415,Alto,Alto,0.06325452278980788,0.1585447632939677,0.7782007139162245
45,Nunca Es Suficiente,Natalia Lafourcade,Balada,Balada folk,MX,real,6.756,16.3,True,True,1431996,44873209,31.34,29,935199,0.6658,US,MX,4,Consagrado,Major,False,0,4,286.46,95.7,0.1701000034809113,0.0751999989151954,2312.83,787.46,2600.18,5172.87,0.0851,1.2296,-15.7242,-99.75800323486328,92.21949768066406,3.644200086593628,13.42500019073486,6.027699947357178,Alto,Alto,0.03387866623678575,0.29413609670362895,0.6719852370595852
46,Puedo,Carlos Rivera,Balada,Balada pop,MX,real,6.716,13.1,True,True,1391629,25612291,18.4,54,744488,0.5988,MX,ES,7,Consagrado,Major,False,0,4,209.93,71.8,0.2044000029563904,0.1031000018119812,1929.99,711.93,2291.07,4173.09,0.0769,0.9314,-13.6698,-95.76940155029295,102.3619003295898,4.029200077056885,25.66379928588867,5.051499843597412,Alto,Alto,0.010268940208192502,0.08710710404956121,0.9026239557422462
47,Cancion_Sint_0105,Artista_Bld_0016,Balada,Balada pop,MX,sintetico,5.617,9.0,True,True,58927,867391,14.72,59,21472,0.5771,MX,,1,Emergente,Regional,False,0,12,207.5,80.3,0.209,0.0929,2743.05,866.92,2822.98,6313.66,0.1133,0.9199,-14.1489,-110.0,87.2544,-0.5692,5.0,-4.6735,Bajo,Bajo,0.9165771687866374,0.07654921400857531,0.006873617204787318
48,Bello Embustero,Juanes,Balada,Balada pop,CO,real,6.403,19.3,False,False,436350,5791768,13.27,65,110809,0.6194,EC,CO,3,Consagrado,Major,False,0,1,228.41,112.3,0.2282000035047531,0.0860000029206276,2541.76,775.8,2798.61,5717.92,0.099,0.9597,-13.5252,-66.92849731445312,78.61039733886719,14.36919975280762,21.50839996337891,7.148600101470947,Medio,Alto,0.059403266057432194,0.4323464016197721,0.5082503323227957
49,Cuervo,Paty Cantú,Balada,Balada pop,MX,real,5.348,19.4,True,True,13635,197031,14.45,54,6877,0.3204,MX,,1,Consagrado,Major,False,0,5,334.79,80.75,0.1465000063180923,0.094200000166893,1849.9,795.94,2205.56,3992.22,0.0697,0.9589,-17.5943,-159.4953002929688,93.52890014648438,-1.830999970436096,24.2996997833252,6.028200149536133,Bajo,Bajo,0.8153013406846416,0.16051325470832592,0.024185404607032446
50,Cancion_Sint_0143,Artista_Bld_0044,Balada,Balada folk,MX,sintetico,4.881,7.0,False,True,8183,55204,6.75,95,4580,0.4069,MX,,1,Emergente,Indie,False,0,7,256.63,115.7,0.1476,0.0841,2011.3,735.93,2181.28,4144.49,0.0947,1.3118,-16.8767,-111.5007,105.0,-2.0864,18.4104,-4.126,Bajo,Bajo,0.9652590027353266,0.029637326799243822,0.00510367046542941
51,Todo Lo Que Tengo,Carlos Rivera,Balada,Balada pop,MX,real,6.716,13.1,True,True,1391629,25612291,18.4,54,744488,0.5988,MX,ES,3,Consagrado,Major,False,0,7,231.94,83.4,0.1519999951124191,0.090499997138977,1802.27,961.52,2166.22,3833.19,0.0703,1.1024,-16.7695,-169.0063018798828,102.2774963378906,16.39130020141602,30.95369911193848,7.460800170898438,Medio,Medio,0.051628535066196565,0.6807446016588534,0.26762686327495
52,Cancion_Sint_0060,Artista_Bld_0026,Balada,Balada pop,MX,sintetico,6.238,5.6,False,False,426805,2435585,5.71,41,246513,0.5963,MX,US,4,Establecido,Indie,False,0,3,181.24,80.9,0.1158,0.0259,2112.64,946.75,2451.56,4569.07,0.0785,1.5603,-21.4745,-191.7823,86.184,22.0586,16.3312,14.3345,Medio,Medio,0.08187126173867978,0.6788350142566127,0.2392937240047075
53,Cancion_Sint_0051,Artista_Bld_0006,Balada,Balada pop,ES,sintetico,7.037,10.8,True,True,1079040,17758380,16.46,67,282279,0.8191,MX,ES,3,Establecido,Indie,False,0,1,246.51,102.6,0.188,0.0771,1735.78,876.45,2096.15,3601.47,0.0663,0.9168,-15.4128,-133.8636,92.9909,4.783,40.5818,11.7913,Medio,Medio,0.11165801849522054,0.7491740896065712,0.13916789189820838
54,No Me Doy Por Vencido,Luis Fonsi,Balada,Balada pop,PR,real,5.959,17.5,True,False,82717,1027047,12.42,52,34997,0.6351,AR,MX,5,Consagrado,Indie,True,1,12,233.59,86.15,0.2768999934196472,0.1115999966859818,2195.82,791.03,2312.51,4553.11,0.1033,1.0542,-11.1683,-39.40869903564453,93.47429656982422,-3.12689995765686,26.26210021972656,1.463099956512451,Alto,Alto,0.01805561995357782,0.07628146623503682,0.9056629138113853
55,Telefonía,Jorge Drexler,Balada,Balada pop,UY,real,4.657,11.5,False,True,1052,8970,8.53,67,702,0.6745,MX,ES,4,Emergente,Regional,False,0,7,185.27,123.0,0.2049999982118607,0.0819000005722045,1339.99,827.23,1924.08,2643.16,0.0498,1.3085,-14.5276,-140.1887054443359,132.4010009765625,19.51269912719727,28.2091007232666,17.3843994140625,Medio,Medio,0.07896425306573464,0.8457568957489918,0.07527885118527358
56,Cancion_Sint_0079,Coti,Balada,Balada pop,AR,sintetico,6.572,16.6,True,True,3206790,34402981,10.73,82,903182,0.5586,AR,,1,Consagrado,Major,False,0,3,290.01,136.0,0.1972,0.0846,2150.29,817.57,2211.04,4371.99,0.1106,0.9905,-14.5397,-114.0165,104.8175,-3.8618,16.3421,1.01,Bajo,Bajo,0.8337482718081952,0.13164606214335683,0.03460566604844793
57,Fuiste Tú,Ricardo Arjona,Balada,Balada pop,GT,real,6.238,20.0,False,True,442971,3660529,8.26,54,250403,0.7105,MX,PR,6,Consagrado,Major,False,0,2,295.01,71.8,0.0854000002145767,0.0390000008046627,1959.16,890.97,2184.98,4022.11,0.0885,1.0636,-21.3084,-182.1136932373047,105.3961029052734,0.2049999982118607,31.31450080871582,7.489799976348877,Alto,Alto,0.014564683400520162,0.08498067166994377,0.9004546449295362
58,Enamorado Tuyo,Luciano Pereyra,Balada,Balada romántica,AR,real,6.117,10.9,True,True,199548,3298384,16.53,44,100639,0.5489,CO,MX,4,Establecido,Indie,False,0,9,224.44,92.3,0.1970999985933304,0.0772999972105026,2645.47,808.64,2676.04,5723.09,0.1135,1.1259,-14.9542,-87.27279663085938,71.03479766845703,14.41479969024658,23.36770057678223,-3.725899934768677,Alto,Alto,0.07253604533698245,0.3866147208818113,0.5408492337812062
59,Ya No,Pablo Alborán,Balada,Balada pop,ES,real,6.616,16.7,False,True,565278,9385990,16.6,58,241959,0.7403,MX,ES,6,Consagrado,Major,False,0,5,247.22,71.8,0.1384000033140182,0.0759000033140182,2149.54,870.51,2380.09,4686.32,0.0813,0.957,-17.6008,-136.7154998779297,90.0634994506836,5.219799995422363,29.64080047607422,4.522500038146973,Alto,Alto,0.016310616986742448,0.11877985451249738,0.8649095285007602
60,Cancion_Sint_0010,Artista_Bld_0006,Balada,Balada pop,ES,sintetico,7.037,10.8,True,True,1079040,17758380,16.46,67,282279,0.8191,PE,ES,7,Establecido,Indie,False,0,5,156.06,93.9,0.1799,0.0708,2234.53,910.23,2542.29,4922.77,0.0839,1.388,-17.5953,-127.946,84.3733,21.9426,40.067,18.0349,Alto,Alto,0.06478125335955819,0.2955284974493196,0.6396902491911223
61,Cancion_Sint_0128,Artista_Bld_0042,Balada,Balada pop,AR,sintetico,4.58,4.4,False,False,18737,190211,10.15,48,6313,0.6475,PE,ES,2,Emergente,Regional,False,0,11,238.2,112.0,0.215,0.1028,2055.44,922.24,2170.77,4091.01,0.0922,0.9388,-12.8084,-110.0,92.4428,-11.6518,11.6661,-5.0,Bajo,Bajo,0.8618206719256748,0.12261841628132812,0.015560911792997066
62,Cancion_Sint_0147,Artista_Bld_0043,Balada,Balada pop,MX,sintetico,4.31,8.1,False,False,1660,26563,16.0,72,530,0.4456,US,,1,Emergente,Indie,False,0,8,243.86,74.8,0.1731,0.0618,2113.95,574.99,2401.9,4554.06,0.0847,1.2326,-17.6354,-110.0,92.2553,-5.7883,21.4923,3.2823,Bajo,Bajo,0.9707493026085455,0.02447335990255845,0.004777337488895876
63,Cancion_Sint_0111,Artista_Bld_0016,Balada,Balada pop,MX,sintetico,5.617,9.0,True,True,58927,867391,14.72,59,21472,0.5771,MX,CL,2,Emergente,Regional,False,0,9,270.82,94.0,0.0904,0.0641,1735.19,784.8,2113.35,3587.56,0.0782,1.0425,-19.3943,-204.94,105.0,6.2098,20.241,8.4739,Bajo,Bajo,0.754230895589474,0.2104833926494348,0.03528571176109123
64,Amor Secreto,Mon Laferte,Balada,Balada pop,CL,real,6.813,13.8,True,True,748873,9273229,12.38,58,488644,0.6272,EC,MX,4,Consagrado,Major,False,0,7,248.45,86.15,0.1136000007390976,0.0395999997854232,1619.49,674.89,2129.52,3419.17,0.0653,1.0946,-19.2583,-174.2713928222656,115.6143035888672,11.46380043029785,30.82159996032715,14.91219997406006,Alto,Alto,0.02521750100295459,0.14994211906534352,0.8248403799317019
65,Nuestro Amor Eterno,Carlos Rivera,Balada,Balada pop,MX,real,6.716,13.1,True,True,1391629,25612291,18.4,54,744488,0.5988,ES,MX,2,Consagrado,Major,False,0,7,339.06,89.1,0.1702000051736832,0.0898000001907348,1922.59,764.53,2431.97,4396.4,0.067,1.0984,-15.1634,-156.9391021728516,93.67169952392578,18.16069984436035,18.62590026855469,7.717100143432617,Medio,Medio,0.27391309369753547,0.6168636147810957,0.10922329152136874
66,Cancion_Sint_0142,Artista_Bld_0041,Balada,Balada pop,AR,sintetico,5.21,4.6,True,True,42686,247110,5.79,24,14135,0.5077,AR,,1,Emergente,Major,True,1,1,276.5,118.6,0.1417,0.0678,1309.56,546.51,1923.09,2758.24,0.0524,0.9738,-17.4176,-149.1749,105.0,3.7961,26.3615,4.6644,Bajo,Bajo,0.951317751022201,0.03828671540983544,0.01039553356796372
67,Corazón Sin Cara,Prince Royce,Balada,Balada/bachata,US,real,7.272,15.3,True,True,1015344,11572032,11.4,87,417120,0.632,MX,US,6,Consagrado,Major,False,0,3,212.74,129.2,0.1247000023722649,0.0469999983906745,1460.11,595.48,1795.78,3060.61,0.0599,1.4027,-19.3,-185.3020935058594,130.4488983154297,-8.214400291442871,39.05289840698242,-4.088799953460693,Alto,Alto,0.017286875483488267,0.23029114345735324,0.7524219810591584
68,Cancion_Sint_0055,Artista_Bld_0022,Balada,Balada folk,MX,sintetico,5.778,5.2,True,True,116182,3483690,29.98,63,74169,0.5148,DO,MX,4,Emergente,Regional,False,0,5,257.87,124.7,0.1769,0.0999,2087.92,955.03,2485.96,4653.36,0.0752,0.9778,-16.1357,-138.1665,89.0993,18.8885,24.6641,15.8098,Medio,Medio,0.1048829988894047,0.7085905311871478,0.1865264699234475
69,Princesa,Chino & Nacho,Balada,Balada pop,VE,real,5.863,17.3,True,True,88310,2129789,24.12,67,40558,0.6209,MX,US,3,Establecido,Indie,False,0,5,225.98,117.5,0.2186000049114227,0.0741000026464462,2255.51,695.96,2526.59,4943.44,0.0972,1.2982,-13.943,-51.81660079956055,93.42839813232422,3.348999977111816,18.70289993286133,8.993200302124023,Alto,Alto,0.14133791844822574,0.2488140830569161,0.6098479984948582
70,Cancion_Sint_0126,Artista_Bld_0037,Balada,Balada pop,ES,sintetico,4.107,4.0,True,True,226,1796,7.95,61,82,0.3004,MX,ES,2,Emergente,Major,False,0,10,249.16,96.7,0.1299,0.0611,1846.77,686.76,2209.16,3977.69,0.0702,0.9667,-18.3429,-188.814,96.8087,10.9841,24.4987,-1.3472,Bajo,Bajo,0.8587545206353836,0.12307311229457814,0.018172367070038203
71,Cristina,Sebastián Yatra,Balada,Balada pop,CO,real,6.778,17.3,True,True,859634,14955744,17.4,79,229897,0.8208,CO,MX,5,Consagrado,Major,False,0,3,322.53,86.1,0.2053000032901764,0.1150999963283539,2403.35,1035.91,2462.36,5247.04,0.1101,0.9761,-13.3421,-79.76599884033203,91.9010009765625,2.304399967193604,11.7544002532959,5.18120002746582,Alto,Alto,0.00937274185135105,0.10159493926033474,0.8890323188883142
72,Espacio Sideral,Jesse & Joy,Balada,Balada pop,MX,real,7.17,17.1,False,False,1812905,38659261,21.32,54,683047,0.8292,US,CO,4,Consagrado,Major,False,0,2,222.93,89.1,0.0864000022411346,0.0294000003486871,2539.18,622.03,2525.9,5321.25,0.1087,1.0749,-22.2047,-144.5343933105469,71.19309997558594,-2.267299890518188,41.76810073852539,5.716300010681152,Medio,Medio,0.027980097522849124,0.6506647457492629,0.32135515672788784
73,Cancion_Sint_0081,David Bisbal,Balada,Balada pop,ES,sintetico,6.057,18.5,True,True,116844,1646493,14.09,52,59510,0.631,MX,,1,Consagrado,Major,True,1,2,247.94,108.2,0.0595,0.0417,2330.27,717.41,2473.9,4935.13,0.0973,1.1365,-20.9773,-162.681,85.5672,-3.4806,25.1106,4.1489,Bajo,Bajo,0.7596125930987239,0.19991662695120793,0.04047077995006818
74,Cancion_Sint_0156,Artista_Bld_0058,Balada,Balada pop,CO,sintetico,5.455,5.3,False,False,41049,445068,10.84,42,14025,0.6186,CO,US,3,Emergente,Major,False,0,6,280.99,90.2,0.2,0.0664,2147.25,529.5,2384.19,4352.85,0.1014,1.0666,-12.7654,-110.0,105.0,-15.0,18.1272,10.7061,Bajo,Bajo,0.5981854007976342,0.2538585906113339,0.1479560085910319
75,Cancion_Sint_0069,Artista_Bld_0015,Balada,Balada pop,MX,sintetico,5.498,11.8,True,True,105955,1651221,15.58,63,48667,0.5999,US,EC,3,Establecido,Major,False,0,10,243.9,95.8,0.0539,0.02,1714.73,738.74,2110.67,3513.2,0.0708,0.8551,-22.9075,-220.0,105.0,4.8144,29.4861,6.442,Medio,Medio,0.08442706410632121,0.7680871325612306,0.1474858033324482
76,Cancion_Sint_0008,Alejandro Sanz,Balada,Balada pop,ES,sintetico,6.258,19.0,True,True,635681,15874677,24.97,40,392016,0.7618,EC,MX,4,Consagrado,Indie,False,0,9,206.89,87.2,0.2402,0.1117,1984.66,833.28,2348.19,4381.81,0.0755,1.0381,-10.5637,-110.0,97.0164,11.6763,24.123,9.6484,Alto,Alto,0.01817596931042943,0.10594498786129483,0.8758790428282759
77,De Vuelta y Vuelta,Carlos Rivera,Balada,Balada pop,MX,real,6.716,13.1,True,True,1391629,25612291,18.4,54,744488,0.5988,US,MX,3,Consagrado,Major,False,0,11,218.24,86.1,0.0864999964833259,0.0562000013887882,1633.76,947.14,1947.2,3338.59,0.0715,0.9413,-20.2592,-210.3675994873047,121.8371963500977,6.191299915313721,14.71440029144287,1.483100056648254,Medio,Medio,0.03132023513820631,0.7435190766190213,0.22516068824277238
78,Nuestro Amor,Fonseca,Balada,Balada pop,CO,real,6.19,18.0,False,False,44249,384306,8.69,61,25553,0.5034,CO,,1,Consagrado,Major,False,0,11,189.34,92.3,0.198500007390976,0.0912000015377998,1467.36,855.4,1951.06,2981.08,0.054,1.097,-14.7095,-149.5476989746094,118.2482986450195,11.40470027923584,22.79310035705566,10.51560020446777,Bajo,Bajo,0.7341861889073674,0.2298463797467833,0.03596743134584924
79,Llorar,Jesse & Joy,Balada,Balada pop,MX,real,7.17,17.1,False,True,1812905,38659261,21.32,54,683047,0.8292,US,VE,7,Consagrado,Major,False,0,1,300.4,112.3,0.1098999977111816,0.0754000023007392,2316.15,1063.38,2380.25,4851.04,0.1056,0.9155,-18.4146,-161.8231048583984,85.93800354003906,-8.499300003051758,15.76500034332275,10.53299999237061,Alto,Alto,0.016805000755828272,0.16149009272128667,0.8217049065228851
80,Cancion_Sint_0071,Artista_Bld_0042,Balada,Balada pop,AR,sintetico,4.58,4.4,False,False,18737,190211,10.15,48,6313,0.6475,CO,AR,4,Emergente,Regional,False,0,3,245.13,104.2,0.2401,0.0924,1713.45,749.57,2004.03,3545.95,0.0669,1.2464,-14.298,-110.0,105.0,6.293,25.8856,7.4067,Medio,Medio,0.16821664567118622,0.6578031365014668,0.173980217827347
81,Inevitable,Ha*Ash,Balada,Balada pop,MX,real,6.528,17.2,True,True,702597,8359323,11.9,46,158240,0.5887,MX,,1,Consagrado,Major,False,0,8,247.36,99.4,0.1013000011444092,0.0559000000357627,2297.69,804.35,2497.81,4904.14,0.0974,1.3879,-20.7949,-155.7393035888672,84.4916000366211,3.828900098800659,35.05279922485352,13.91950035095215,Medio,Bajo,0.46800594729107114,0.45322221811850394,0.07877183459042485
82,Que Me Faltas Tú,Sin Bandera,Balada,Balada pop,MX,real,4.611,17.0,False,False,9899,137713,13.91,81,6440,0.4312,US,MX,2,Establecido,Major,False,0,10,186.64,60.1,0.1835999935865402,0.0623000003397464,1993.66,884.95,2273.78,4324.89,0.0774,0.9853,-16.0952,-105.9965972900391,102.657096862793,3.125999927520752,37.21829986572266,12.33979988098145,Bajo,Bajo,0.6894446808105485,0.28318779317711407,0.02736752601233742
83,Cancion_Sint_0007,Kany García,Balada,Balada pop,PR,sintetico,6.104,17.7,True,True,140460,1724273,12.28,77,70631,0.5073,CO,PE,4,Consagrado,Major,True,1,1,245.16,97.1,0.1896,0.088,2564.13,1000.94,2599.7,5594.84,0.1151,1.0224,-13.7963,-110.0,74.2379,6.0245,21.7921,6.8142,Alto,Alto,0.023354422943765073,0.16100399387639383,0.8156415831798409
84,Bendecido,Fonseca,Balada,Balada pop,CO,real,6.19,18.0,False,False,44249,384306,8.69,61,25553,0.5034,CO,US,2,Consagrado,Major,False,0,7,313.56,76.0,0.2046000063419342,0.1306000053882599,2404.64,1180.0,2291.4,4756.72,0.1183,1.5609,-17.4789,-90.13510131835938,89.94660186767578,-18.92340087890625,9.539600372314451,-0.94760000705719,Bajo,Bajo,0.6502570214457312,0.22164751473995867,0.1280954638143103
85,Cancion_Sint_0144,Artista_Bld_0050,Balada,Balada pop,ES,sintetico,5.182,7.2,False,False,4998,60816,12.17,62,2804,0.5725,ES,,1,Emergente,Indie,False,0,5,193.08,95.1,0.2448,0.109,2656.63,923.48,2707.74,5681.89,0.1143,0.9691,-12.1267,-110.0,75.0398,-1.179,14.742,6.1576,Bajo,Bajo,0.9601727919618003,0.0345984793803518,0.005228728657848089
86,Cancion_Sint_0089,Ricardo Montaner,Balada,Balada pop,VE,sintetico,5.459,17.2,False,True,33798,512353,15.16,92,22394,0.4299,US,MX,2,Establecido,Major,True,1,2,180.43,112.3,0.1807,0.12,2279.22,1139.32,2379.29,4662.54,0.1086,1.0725,-15.1402,-138.9376,89.1945,10.8684,7.0825,9.0364,Bajo,Bajo,0.6602164752541246,0.2979427097487391,0.04184081499713625
87,Me Enamora,Juanes,Balada,Balada rock,CO,real,6.403,19.3,True,True,436350,5791768,13.27,65,110809,0.6194,ES,CL,3,Consagrado,Major,False,0,11,192.03,95.7,0.2718000113964081,0.1001999974250793,2493.89,813.95,2546.61,5405.95,0.1102,1.2237,-12.3021,-36.67409896850586,74.66719818115234,9.088899612426758,42.00510025024414,7.518599987030029,Alto,Alto,0.03863014449178144,0.20653021496843102,0.7548396405397876
88,Cancion_Sint_0131,Artista_Bld_0036,Balada,Balada pop,CO,sintetico,4.857,8.0,False,False,23558,229957,9.76,57,10739,0.4532,MX,,1,Emergente,Major,True,1,8,212.3,128.7,0.1538,0.0823,2268.33,1070.88,2699.67,5406.73,0.0678,0.9927,-20.5707,-173.9072,88.9496,30.6014,22.4496,15.3571,Bajo,Bajo,0.9204937222204118,0.0681326600775348,0.011373617702053532
89,Cancion_Sint_0016,Artista_Bld_0008,Balada,Balada pop,ES,sintetico,7.0,16.5,True,True,934603,9865811,10.56,68,505746,0.8014,MX,CL,5,Consagrado,Indie,False,0,10,202.22,104.9,0.1474,0.0481,1559.57,747.77,1889.55,2932.14,0.0713,1.0583,-18.5272,-168.0631,105.0,-1.2989,27.982,10.0529,Alto,Alto,0.02711609991969758,0.11299513108801172,0.8598887689922906
90,No Hay Nadie Más,Sebastián Yatra,Balada,Balada pop,CO,real,6.778,17.3,True,False,859634,14955744,17.4,79,229897,0.8208,MX,VE,4,Consagrado,Major,False,0,1,225.42,103.4,0.0980999991297721,0.0425000004470348,1303.43,1082.68,1691.32,2512.45,0.0491,1.2565,-20.7415,-257.00390625,106.0482025146484,25.77890014648438,28.85210037231445,16.11960029602051,Alto,Alto,0.01685544483062384,0.1609885724208558,0.8221559827485204
91,Cancion_Sint_0065,Artista_Bld_0026,Balada,Balada pop,MX,sintetico,6.238,5.6,False,False,426805,2435585,5.71,41,246513,0.5963,MX,US,2,Establecido,Indie,False,0,6,280.6,100.1,0.04,0.02,2358.54,780.91,2517.52,5017.25,0.1113,0.9241,-23.6182,-208.7456,89.4516,13.8589,40.6315,8.1582,Medio,Medio,0.4578306127359878,0.48330293862044094,0.05886644864357118
92,Cancion_Sint_0161,Artista_Bld_0056,Balada,Balada romántica,MX,sintetico,4.121,2.9,False,False,803,16873,21.01,57,212,0.6183,MX,,1,Emergente,Regional,False,0,6,176.87,72.2,0.1835,0.0964,1698.64,958.36,2044.85,3629.35,0.067,0.9984,-14.8283,-152.3975,104.2677,16.6122,18.9369,0.54,Bajo,Bajo,0.9295948948630012,0.06322038497719398,0.007184720159804883
93,Toda una Vida,Pablo Alborán,Balada,Balada pop,ES,real,6.616,16.7,False,True,565278,9385990,16.6,58,241959,0.7403,MX,ES,3,Consagrado,Major,False,0,9,257.76,136.0,0.0478000007569789,0.0221999995410442,1986.19,926.17,2425.03,4525.08,0.0682,1.0385,-26.6365,-265.947998046875,97.33740234375,21.98990058898926,29.22669982910156,12.74470043182373,Alto,Alto,0.04922183191727893,0.22150021857351626,0.7292779495092049
94,Espacio,Lasso,Balada,Balada pop,VE,real,6.545,14.1,True,True,369298,3009040,8.15,89,192631,0.6041,US,MX,5,Consagrado,Major,False,0,1,225.42,103.4,0.0980999991297721,0.0425000004470348,1303.43,1082.68,1691.32,2512.45,0.0491,1.2565,-20.7415,-257.00390625,106.0482025146484,25.77890014648438,28.85210037231445,16.11960029602051,Alto,Alto,0.017643193745014264,0.10360913164819383,0.8787476746067918
95,Ángel,Sebastián Yatra,Balada,Balada pop,CO,real,6.778,17.3,True,True,859634,14955744,17.4,79,229897,0.8208,PE,CL,3,Consagrado,Major,False,0,9,196.58,80.75,0.2432000041007996,0.1185000017285347,2327.24,935.97,2590.08,5177.91,0.0858,1.2119,-13.6433,-89.8843002319336,84.78050231933594,0.2890999913215637,-3.123699903488159,6.995699882507324,Medio,Medio,0.03382457486059335,0.5654046680821171,0.4007707570572896
96,Aquí Sin Ti,David Bisbal,Balada,Balada pop,ES,real,6.057,18.5,True,True,116844,1646493,14.09,52,59510,0.631,MX,CO,2,Consagrado,Major,False,0,2,208.38,71.8,0.2342000007629395,0.0878999978303909,1871.66,754.29,2307.33,4220.12,0.0615,0.9319,-13.737,-115.9047012329102,90.99970245361328,16.02669906616211,30.52449989318848,12.12489986419678,Alto,Medio,0.2353608672467366,0.5060112756258613,0.25862785712740205
97,El Origen del Mundo,David Bisbal,Balada,Balada pop,ES,real,6.057,18.5,True,True,116844,1646493,14.09,52,59510,0.631,US,MX,3,Consagrado,Major,False,0,6,263.36,136.0,0.0847999975085258,0.0305000003427267,2577.6,813.36,2633.18,5651.71,0.1084,1.0945,-22.8641,-135.6286926269531,78.47840118408203,-0.434799998998642,15.74339962005615,3.852299928665161,Medio,Medio,0.04025449461354469,0.6615603101189337,0.29818519526752174
98,Cancion_Sint_0040,Artista_Bld_0005,Balada,Balada pop,MX,sintetico,7.064,12.9,True,True,311506,1818468,5.84,50,111795,0.7506,MX,VE,3,Consagrado,Major,False,0,11,314.89,96.0,0.1993,0.12,1943.44,1031.97,2289.51,4426.08,0.0726,0.9395,-13.7148,-139.2529,104.3997,15.8285,18.6708,11.0538,Medio,Alto,0.08461520354046899,0.43346857083969964,0.4819162256198314
99,El Amor en los Tiempos del Cólera,Andrés Cepeda,Balada,Balada romántica,CO,real,7.107,14.7,False,True,1901146,13395210,7.05,28,1208963,0.6545,VE,,1,Consagrado,Major,False,0,9,207.21,99.4,0.1146999970078468,0.0597999989986419,1482.98,795.38,2008.17,2925.05,0.0569,1.241,-18.6206,-204.6221923828125,121.6679000854492,14.80710029602051,25.68740081787109,6.866099834442139,Medio,Medio,0.3244873194603171,0.6476737470604378,0.027838933479245077
100,Perdón,Ha*Ash,Balada,Balada pop,MX,real,6.528,17.2,True,True,702597,8359323,11.9,46,158240,0.5887,AR,PE,3,Consagrado,Major,False,0,10,219.52,136.0,0.167600005865097,0.0874999985098838,2506.28,725.05,2484.03,5137.45,0.118,0.8791,-15.1845,-82.6937026977539,78.24019622802734,-17.13360023498535,9.10890007019043,-3.5346999168396,Alto,Alto,0.04831797574637479,0.29168064471610544,0.6600013795375198
101,Natural,Mon Laferte,Balada,Balada rock,CL,real,6.813,13.8,False,True,748873,9273229,12.38,58,488644,0.6272,CL,CO,3,Consagrado,Major,False,0,1,120.02,107.7,0.2243999987840652,0.0835999995470047,2519.58,866.21,2775.52,5642.16,0.0862,1.5072,-14.8127,-61.25299835205078,83.10980224609375,15.15779972076416,28.35330009460449,12.74149990081787,Bajo,Alto,0.3249066052209102,0.3142321934533213,0.36086120132576854
102,Cancion_Sint_0115,Artista_Bld_0019,Balada,Balada pop,MX,sintetico,5.566,8.1,True,True,35416,389929,11.01,90,14187,0.312,MX,ES,2,Establecido,Major,True,1,7,307.79,63.4,0.2609,0.12,1833.2,865.92,2289.08,3926.53,0.0669,0.9919,-12.0229,-110.0,103.1493,12.0212,17.2309,9.5884,Bajo,Bajo,0.6183696307072905,0.3645399313548477,0.017090437937861903
103,Cancion_Sint_0125,Artista_Bld_0049,Balada,Balada rock,GT,sintetico,5.42,8.0,False,True,25629,347781,13.57,44,7742,0.3598,US,AR,2,Emergente,Regional,False,0,1,214.39,80.0,0.1342,0.066,1585.27,1008.82,1978.76,3325.49,0.0625,1.3217,-19.0928,-191.2881,105.0,4.9535,20.0874,8.0379,Bajo,Bajo,0.7508499933077221,0.2142046350551935,0.034945371637084485
104,Yo Quisiera,Reik,Balada,Balada pop,MX,real,6.338,18.5,True,True,266722,2589309,9.71,69,69087,0.7752,MX,CO,4,Consagrado,Major,False,0,10,215.06,76.0,0.1307999938726425,0.0494999997317791,2442.06,1001.12,2665.93,5491.15,0.0995,1.5195,-18.5787,-117.4530029296875,88.33419799804688,14.56029987335205,17.62129974365234,14.40260028839111,Alto,Alto,0.025315678177506868,0.11114309934784887,0.8635412224746443
105,Cancion_Sint_0006,El Canto del Loco,Balada,Balada pop,ES,sintetico,5.778,16.8,True,True,73290,718238,9.8,76,31313,0.3317,US,MX,3,Consagrado,Indie,False,0,6,158.31,91.3,0.1263,0.0953,1967.89,999.13,2341.52,4260.45,0.0825,0.876,-15.4948,-173.6482,104.4425,14.7095,15.268,7.5968,Alto,Medio,0.16559444856074904,0.46646363453426687,0.3679419169049842
106,Traicionera,Sebastián Yatra,Balada,Balada pop,CO,real,6.778,17.3,True,True,859634,14955744,17.4,79,229897,0.8208,ES,MX,4,Consagrado,Major,False,0,7,241.12,92.3,0.2005999982357025,0.1162000000476837,2684.29,1073.7,2611.54,5734.46,0.1147,1.2704,-14.4991,-96.76399993896484,70.00920104980469,-0.8068000078201294,2.749099969863892,-0.1022000014781952,Alto,Alto,0.01801546077559937,0.22299524784576263,0.7589892913786379
107,Cancion_Sint_0056,Artista_Bld_0015,Balada,Balada pop,MX,sintetico,5.498,11.8,True,True,105955,1651221,15.58,63,48667,0.5999,PE,MX,5,Establecido,Major,False,0,6,225.07,101.2,0.2056,0.1047,2714.37,854.03,2703.26,6011.41,0.1167,1.2094,-15.779,-110.0,68.3947,-1.7171,5.0,-3.3154,Medio,Medio,0.035773668300612745,0.7043883086787219,0.25983802302066533
108,Cancion_Sint_0058,Artista_Bld_0027,Balada,Balada folk,MX,sintetico,5.732,11.6,False,True,63393,573550,9.05,53,40911,0.609,MX,AR,2,Emergente,Indie,True,1,7,283.85,71.3,0.1287,0.0638,2850.58,903.92,2794.77,6245.06,0.1286,1.229,-17.815,-110.0,78.0886,-2.9924,13.0791,-0.8966,Medio,Bajo,0.4847298937390184,0.4794666145648456,0.03580349169613606
109,Incompatibles,Pablo Alborán,Balada,Balada pop,ES,real,6.616,16.7,True,True,565278,9385990,16.6,58,241959,0.7403,AR,CO,5,Consagrado,Major,False,0,6,252.45,80.75,0.0608000010251998,0.0282000005245208,2027.57,706.95,2319.6,4302.28,0.0864,1.0965,-24.3595,-212.4268035888672,92.62429809570312,6.135300159454346,32.31520080566406,5.01609992980957,Alto,Alto,0.010840684473928998,0.09435022851895565,0.8948090870071154
110,Si No Te Hubieras Ido,Marco Antonio Solís,Balada,Balada romántica,MX,real,6.017,17.5,True,True,37251,531346,14.26,64,16636,0.4115,MX,ES,5,Consagrado,Major,True,1,12,397.9,95.7,0.0746999979019165,0.0232999995350837,2132.31,649.64,2216.59,4463.57,0.1039,0.9831,-22.8861,-147.2173004150391,99.08830261230467,-10.52610015869141,40.00099945068359,0.3325000107288361,Alto,Alto,0.031799249772515845,0.14990356455395554,0.8182971856735285
111,Movimiento,Jorge Drexler,Balada,Balada pop,UY,real,4.657,11.5,False,True,1052,8970,8.53,67,702,0.6745,ES,PE,2,Emergente,Regional,False,0,11,267.1,123.0,0.1289000064134598,0.1000000014901161,1443.5,874.4,1900.95,2913.07,0.0575,1.0927,-16.8545,-207.6614074707031,123.0270004272461,27.61590003967285,11.26010036468506,-0.4266000092029572,Medio,Medio,0.24112949648947368,0.7405675498154709,0.018302953695055413
112,Cancion_Sint_0141,Artista_Bld_0049,Balada,Balada rock,GT,sintetico,5.42,8.0,False,True,25629,347781,13.57,44,7742,0.3598,ES,,1,Emergente,Regional,False,0,1,223.86,104.7,0.2977,0.12,1762.75,952.81,2311.93,4040.35,0.0493,1.2472,-10.0,-110.0,105.0,20.973,19.097,12.0851,Bajo,Bajo,0.8891419032429206,0.10022753315000593,0.010630563607073462
113,La Venia Bendita,Marco Antonio Solís,Balada,Balada romántica,MX,real,6.017,17.5,True,True,37251,531346,14.26,64,16636,0.4115,ES,MX,3,Consagrado,Major,False,0,12,194.3,76.0,0.1098000034689903,0.033900000154972,1699.7,552.63,2074.39,3422.14,0.0702,1.1641,-19.8795,-169.5628967285156,116.2114028930664,-2.50600004196167,19.98769950866699,9.568699836730955,Alto,Alto,0.09524135841300709,0.23429224354902176,0.6704663980379711
114,Cásate Conmigo,Andrés Cepeda,Balada,Balada pop,CO,real,7.107,14.7,True,True,1901146,13395210,7.05,28,1208963,0.6545,MX,DO,6,Consagrado,Major,False,0,9,257.18,123.0,0.2090000063180923,0.1234000027179718,2541.33,923.05,2583.22,5608.31,0.1023,1.0977,-14.3055,-104.1539993286133,67.74870300292969,0.153099998831749,16.12210083007812,6.663899898529053,Alto,Alto,0.020152497253929466,0.11995912591580657,0.8598883768302641
115,Cancion_Sint_0024,Enrique Iglesias,Balada,Balada pop,ES,sintetico,6.632,14.3,True,False,252535,3573946,14.15,48,76686,0.5444,ES,AR,4,Consagrado,Major,False,0,5,276.14,60.1,0.2172,0.1182,1519.85,848.03,2144.38,3384.47,0.0472,0.8124,-13.9832,-149.8541,105.0,19.7478,27.4615,9.5358,Medio,Medio,0.027927468823472315,0.7334008948659024,0.23867163631062532
116,Quizás,Ha*Ash,Balada,Balada pop,MX,real,6.528,17.2,True,True,702597,8359323,11.9,46,158240,0.5887,EC,MX,5,Consagrado,Major,False,0,5,225.37,129.2,0.18019999563694,0.1031000018119812,2479.76,1041.8,2575.86,5262.84,0.1094,1.0329,-14.7552,-94.54740142822266,86.64469909667969,8.214799880981445,18.70350074768066,1.60889995098114,Alto,Alto,0.008645688029799824,0.07505446857179084,0.9162998433984094
117,Ahora Que Te Vas,Pablo Alborán,Balada,Balada pop,ES,real,6.616,16.7,False,True,565278,9385990,16.6,58,241959,0.7403,MX,ES,2,Consagrado,Major,False,0,5,256.02,71.8,0.1084000021219254,0.0557000003755092,2365.91,903.54,2465.87,5025.35,0.1036,0.9164,-19.2788,-141.3654937744141,84.197998046875,4.777599811553955,32.63119888305664,6.057400226593018,Bajo,Bajo,0.45222088739486144,0.43443740914420603,0.11334170346093242
118,Cancion_Sint_0059,Artista_Bld_0011,Balada,Balada pop,CO,sintetico,6.093,9.9,False,True,208772,4538932,21.74,58,101439,0.6719,CO,US,2,Establecido,Indie,False,0,5,212.52,76.9,0.1592,0.066,2106.93,680.44,2589.47,5050.37,0.0628,1.0519,-18.7307,-152.9518,87.6623,27.2472,27.7605,8.5017,Medio,Medio,0.34441465912059455,0.5974829841392296,0.058102356740175845
119,Ya No Vuelvo a Buscar,Beret,Balada,Balada pop,ES,real,6.636,10.1,True,True,357213,7288018,20.4,56,240814,0.4742,AR,US,4,Consagrado,Major,False,0,9,240.51,76.0,0.1875,0.1089000031352043,1988.23,1041.41,2256.94,4357.53,0.0782,0.903,-14.307,-128.4141998291016,105.5549011230469,16.71059989929199,6.705100059509277,-1.500599980354309,Alto,Alto,0.02257580798811908,0.26467475203211244,0.7127494399797685
120,Cancion_Sint_0041,Artista_Bld_0004,Balada,Balada folk,US,sintetico,7.107,15.2,True,True,3601979,55464462,15.4,100,1848009,0.5866,VE,MX,3,Consagrado,Indie,False,0,4,231.37,60.1,0.1924,0.0807,2085.62,860.79,2403.79,4596.35,0.0793,1.3626,-15.2232,-110.0,94.1228,7.2466,15.9683,9.123,Medio,Medio,0.16556387779583956,0.6051705613752633,0.22926556082889718
121,Caída Libre,Paty Cantú,Balada,Balada pop,MX,real,5.348,19.4,True,True,13635,197031,14.45,54,6877,0.3204,MX,US,2,Consagrado,Major,False,0,10,214.04,136.0,0.0756999999284744,0.0381000004708766,2517.52,891.47,2586.61,5492.18,0.1048,0.9807,-22.8028,-178.8863983154297,74.21199798583984,1.488199949264526,30.05039978027344,10.89599990844727,Medio,Medio,0.3019977577522447,0.6247579831733836,0.07324425907437176
122,Cancion_Sint_0027,Morat,Balada,Balada pop,CO,sintetico,6.813,11.5,True,True,267956,5414735,20.21,79,156520,0.7043,AR,CO,3,Consagrado,Major,False,0,10,221.53,136.0,0.1972,0.1034,2004.71,955.62,2040.83,3959.67,0.0956,1.0868,-15.8505,-134.2315,100.0146,-4.5559,28.5308,2.7123,Medio,Medio,0.045698781730985356,0.7036502410442922,0.2506509772247225
123,Cancion_Sint_0098,Artista_Bld_0010,Balada,Balada pop,MX,sintetico,7.004,12.2,False,False,1624554,8552574,5.26,81,425944,0.6051,AR,,1,Consagrado,Major,False,0,7,261.59,72.4,0.1847,0.0991,1777.97,743.44,2169.36,3834.65,0.0656,0.9775,-15.7694,-152.8764,104.8457,10.5456,28.8722,16.536,Bajo,Bajo,0.8146134514897638,0.135924890846742,0.04946165766349412
124,Desde Que Llegaste,Chayanne,Balada,Balada pop,PR,real,5.556,17.0,True,True,52128,653444,12.54,75,26618,0.4594,MX,US,4,Consagrado,Major,False,0,6,184.95,103.4,0.2036000043153763,0.1279000043869019,1844.36,904.91,2373.41,4140.14,0.0583,0.9016,-15.081,-154.0897064208984,107.3906021118164,26.02610015869141,12.15289974212646,3.347300052642822,Medio,Medio,0.02061019945679224,0.8092254657843424,0.17016433475886525
125,A Partir de Hoy,Sin Bandera,Balada,Balada pop,MX,real,4.611,17.0,True,True,9899,137713,13.91,81,6440,0.4312,MX,PR,2,Establecido,Major,False,0,11,240.12,71.8,0.2106000036001205,0.1243000030517578,2138.37,895.55,2455.7,4876.15,0.0863,1.0069,-13.0412,-107.9433975219727,100.7897033691406,16.07180023193359,11.6628999710083,3.106899976730347,Medio,Medio,0.22751916610918116,0.7565942499694465,0.015886583921372363
126,Cancion_Sint_0159,Artista_Bld_0056,Balada,Balada romántica,MX,sintetico,4.121,2.9,False,False,803,16873,21.01,57,212,0.6183,MX,,1,Emergente,Regional,False,0,11,171.39,60.1,0.1537,0.054,2083.75,965.54,2359.9,4451.27,0.0844,1.1011,-17.274,-129.7517,94.9926,16.1821,33.9354,21.8679,Bajo,Bajo,0.9413967376129203,0.05197272412493159,0.006630538262148036
127,Mientras Me Pierdo en Tu Cuerpo,Maná,Balada,Balada rock,MX,real,6.342,16.8,False,False,625343,4860960,7.77,77,176803,0.4252,US,VE,5,Consagrado,Major,False,0,2,261.39,76.0,0.0851000025868415,0.02449999935925,2316.02,542.17,2569.97,5205.97,0.0898,1.1127,-22.5642,-142.6434020996094,86.86869812011719,6.121900081634521,33.15179824829102,5.732900142669678,Alto,Alto,0.021729757196062967,0.13115514163693834,0.8471151011669986
128,De Eso No Se Habla,Natalia Lafourcade,Balada,Balada folk,MX,real,6.756,16.3,True,True,1431996,44873209,31.34,29,935199,0.6658,MX,CR,4,Consagrado,Major,False,0,4,218.87,95.7,0.145799994468689,0.0615999996662139,2664.77,856.62,2817.4,5885.16,0.115,1.153,-16.7577,-100.8361968994141,77.0635986328125,14.10000038146973,23.31119918823242,4.980000019073486,Medio,Medio,0.027695939093052943,0.5670472802193482,0.4052567806875988
129,Todo el Año,Ha*Ash,Balada,Balada pop,MX,real,6.528,17.2,True,True,702597,8359323,11.9,46,158240,0.5887,EC,MX,4,Consagrado,Major,False,0,4,246.34,136.0,0.1400000005960464,0.0447000004351139,2798.12,644.93,2575.07,5618.37,0.1429,1.0953,-17.4865,-60.63059997558594,69.14900207519531,-14.10739994049072,25.22699928283691,4.532199859619141,Medio,Alto,0.022978520867796014,0.33507412867862646,0.6419473504535775
130,Cancion_Sint_0039,Amaral,Balada,Balada rock,ES,sintetico,4.204,15.3,False,True,1165,8727,7.49,81,754,0.3784,ES,MX,4,Emergente,Indie,False,0,2,253.24,124.8,0.1101,0.0304,1759.49,660.05,2236.49,3924.17,0.0675,1.2822,-19.5784,-169.1264,105.0,17.2509,22.0097,0.493,Medio,Medio,0.10244915018792358,0.7857717654011999,0.11177908441087654
131,Amor de Mis Amores,Natalia Lafourcade,Balada,Balada folk,MX,real,6.756,16.3,True,True,1431996,44873209,31.34,29,935199,0.6658,CO,MX,5,Consagrado,Major,False,0,3,276.36,107.7,0.1600999981164932,0.0788000002503395,2052.61,780.42,2192.73,4060.06,0.1017,1.0468,-15.5722,-104.1473999023438,103.7324981689453,-20.60400009155273,0.7598000168800354,-13.28820037841797,Alto,Alto,0.022233467930106606,0.2452606448215458,0.7325058872483475
132,Sin Ti No Soy Nada,Amaral,Balada,Balada rock,ES,real,4.204,15.3,False,False,1165,8727,7.49,81,754,0.3784,AR,,1,Emergente,Indie,False,0,5,292.43,123.0,0.0764999985694885,0.0417000018060207,2509.71,741.36,2518.66,5271.68,0.1288,1.1142,-22.4966,-156.0619964599609,81.16280364990234,-3.079799890518188,30.86359977722168,1.006700038909912,Bajo,Bajo,0.9608917034731785,0.031112883991689076,0.007995412535132492
133,Cancion_Sint_0029,Lasso,Balada,Balada pop,VE,sintetico,6.545,14.1,False,True,369298,3009040,8.15,89,192631,0.6041,US,MX,2,Consagrado,Major,False,0,8,200.93,110.5,0.219,0.0599,2485.82,793.8,2639.81,5441.91,0.1043,1.3457,-15.8695,-110.0,92.3521,4.002,20.2629,10.2168,Medio,Medio,0.36591179558650083,0.48772805030552874,0.14636015410797037
134,Corre,Jesse & Joy,Balada,Balada pop,MX,real,7.17,17.1,False,True,1812905,38659261,21.32,54,683047,0.8292,ES,MX,6,Consagrado,Major,False,0,12,354.45,76.0,0.0776000022888183,0.0516000017523765,1952.54,903.01,2030.16,3792.0,0.0981,0.9801,-21.3946,-207.6251983642578,105.5445022583008,-20.09320068359375,17.64990043640137,11.37689971923828,Alto,Alto,0.019736230615670338,0.10537586799988631,0.8748879013844434
135,Tú,Morat,Balada,Balada pop,CO,real,6.813,11.5,True,True,267956,5414735,20.21,79,156520,0.7043,PE,MX,5,Consagrado,Major,False,0,2,215.53,136.0,0.1808999925851822,0.0832000002264976,2360.32,806.81,2403.21,4829.83,0.1188,1.0511,-14.1816,-72.02290344238281,82.5208969116211,-15.22570037841797,8.089900016784668,-4.25600004196167,Medio,Alto,0.013303674516484279,0.49325424167678517,0.49344208380673066
136,Lejos del Amor,Reik,Balada,Balada pop,MX,real,6.338,18.5,True,True,266722,2589309,9.71,69,69087,0.7752,MX,BO,2,Consagrado,Major,False,0,6,211.56,80.75,0.1888000071048737,0.097800001502037,2199.33,773.55,2444.78,4747.88,0.1047,1.103,-14.7705,-96.29560089111328,94.21849822998048,-3.073199987411499,17.25169944763184,5.024600028991699,Bajo,Bajo,0.44779955483836476,0.34088974031933444,0.21131070484230077
137,Cancion_Sint_0077,Enrique Iglesias,Balada,Balada pop,ES,sintetico,6.632,14.3,True,False,252535,3573946,14.15,48,76686,0.5444,ES,MX,2,Consagrado,Major,False,0,9,247.36,109.8,0.1588,0.0921,1979.78,836.21,2296.96,4248.8,0.0794,0.9475,-15.2334,-139.0478,97.1797,4.6978,27.9844,7.356,Bajo,Bajo,0.43973208257122565,0.43670240402865623,0.12356551340011805
138,Nada Valgo Sin Tu Amor,Juanes,Balada,Balada rock,CO,real,6.403,19.3,True,True,436350,5791768,13.27,65,110809,0.6194,MX,US,6,Consagrado,Major,False,0,12,196.81,76.0,0.2843999862670898,0.1055999994277954,2069.06,796.76,2474.1,4577.67,0.0684,1.0479,-12.0657,-61.42060089111328,92.5114974975586,10.51309967041016,22.93129920959473,8.642000198364258,Alto,Alto,0.007849850823438151,0.04885767923565427,0.9432924699409077
139,Cancion_Sint_0097,Artista_Bld_0007,Balada,Balada rock,ES,sintetico,6.509,10.7,True,True,611687,9280332,15.17,60,136098,0.4386,MX,PE,2,Establecido,Indie,False,0,11,232.45,121.8,0.159,0.0634,2256.19,632.56,2371.71,4635.87,0.0995,1.1728,-17.4826,-112.017,92.6385,-8.8567,25.0057,10.3726,Bajo,Bajo,0.8084514239443071,0.14646697544161055,0.04508160061408223
140,A Dios Le Pido,Juanes,Balada,Balada rock,CO,real,6.403,19.3,True,True,436350,5791768,13.27,65,110809,0.6194,MX,US,5,Consagrado,Major,False,0,10,210.47,129.2,0.2177000045776367,0.0793000012636184,2532.85,974.78,2577.56,5431.7,0.1124,1.1835,-14.0753,-61.85810089111328,68.90799713134766,7.31689977645874,32.12030029296875,13.00349998474121,Alto,Alto,0.007999873885177937,0.05747393836784132,0.9345261877469807
141,Creo en Ti,Reik,Balada,Balada pop,MX,real,6.338,18.5,True,True,266722,2589309,9.71,69,69087,0.7752,AR,MX,5,Consagrado,Major,False,0,4,170.76,86.15,0.130500003695488,0.0577000007033348,1526.56,753.76,1998.06,3075.11,0.0582,1.0683,-17.4268,-180.033203125,112.0311965942383,5.628099918365479,33.23300170898438,14.2096004486084,Alto,Alto,0.01286637345693721,0.07267055948538807,0.9144630670576748
142,Cancion_Sint_0052,Artista_Bld_0024,Balada,Balada pop,VE,sintetico,6.199,11.1,False,True,195574,1565534,8.0,68,131353,0.6433,MX,PE,4,Establecido,Major,False,0,2,203.96,113.7,0.1656,0.0974,2295.37,1008.57,2530.03,4857.98,0.0953,0.7994,-15.4423,-127.672,85.0135,10.5991,29.514,16.0743,Medio,Medio,0.07543240133861258,0.6633516958656618,0.2612159027957257
143,Darte un Beso,Prince Royce,Balada,Balada/bachata,US,real,7.272,15.3,True,True,1015344,11572032,11.4,87,417120,0.632,AR,ES,6,Consagrado,Major,False,0,8,210.88,71.8,0.2494000047445297,0.1014999970793724,2111.8,985.57,2477.45,4629.99,0.0833,1.2172,-12.76,-78.033203125,101.9525985717773,13.11100006103516,14.10949993133545,8.009200096130371,Alto,Alto,0.010817326772493203,0.05329768347168785,0.9358849897558189
144,Cancion_Sint_0113,Artista_Bld_0013,Balada,Balada pop,MX,sintetico,6.262,5.8,True,True,76064,359113,4.72,44,17995,0.4474,MX,US,2,Emergente,Indie,False,0,8,252.75,98.0,0.1831,0.09,2454.35,856.76,2557.94,5025.95,0.1121,1.1996,-15.5331,-110.0,80.0591,-5.5881,7.8669,7.4942,Bajo,Bajo,0.8588553345800579,0.11337490532268692,0.027769760097255226
145,Todo Cambió,Camila,Balada,Balada pop,MX,real,6.67,19.0,True,True,1092710,35127307,32.15,50,379820,0.6064,ES,US,4,Consagrado,Major,False,0,10,201.48,86.15,0.1229000017046928,0.0861999988555908,2291.17,1071.04,2509.89,5021.15,0.0891,0.9571,-17.1391,-168.585693359375,88.39029693603516,8.572400093078613,22.23730087280273,13.76340007781982,Alto,Alto,0.012689692546672007,0.11207899356067687,0.8752313138926511
146,Cancion_Sint_0114,Artista_Bld_0012,Balada,Balada pop,MX,sintetico,5.991,5.0,False,False,269545,8236108,30.56,66,93778,0.5297,MX,US,2,Emergente,Indie,False,0,11,195.44,67.7,0.2616,0.12,2480.58,729.68,2436.94,5093.29,0.1172,1.2047,-10.0,-110.0,85.1313,-13.9909,5.0,-5.0,Bajo,Bajo,0.7674037743156572,0.200406327391181,0.03218989829316173
147,Quiero Darte Todo,Fonseca,Balada,Balada pop,CO,real,6.19,18.0,True,True,44249,384306,8.69,61,25553,0.5034,MX,ES,3,Consagrado,Major,False,0,1,231.46,103.4,0.063799999654293,0.0210999995470047,2122.9,502.91,2495.36,4808.75,0.0817,1.2569,-25.1892,-178.1983032226562,93.3030014038086,8.558500289916992,30.67410087585449,5.877799987792969,Alto,Alto,0.07638904346344103,0.15931778822059173,0.7642931683159673
148,Cancion_Sint_0122,Artista_Bld_0024,Balada,Balada pop,VE,sintetico,6.199,11.1,False,True,195574,1565534,8.0,68,131353,0.6433,ES,MX,3,Establecido,Major,False,0,9,275.23,122.1,0.1808,0.0855,2199.12,947.02,2542.78,4853.27,0.0799,1.1495,-16.2945,-126.7759,92.2249,7.6038,17.6202,12.2437,Bajo,Medio,0.24129248158798194,0.4916592759315493,0.2670482424804687
149,Cancion_Sint_0070,Artista_Bld_0056,Balada,Balada romántica,MX,sintetico,4.121,2.9,False,False,803,16873,21.01,57,212,0.6183,MX,CL,3,Emergente,Regional,True,1,8,224.35,108.5,0.31,0.12,1923.41,1183.96,2429.72,4348.73,0.056,1.1408,-10.0,-110.0,105.0,31.6118,13.9282,24.1586,Medio,Medio,0.1651051115655737,0.7853924792265461,0.04950240920788032
150,Cancion_Sint_0053,Artista_Bld_0028,Balada,Balada pop,PR,sintetico,5.253,7.8,True,True,16522,242364,14.67,50,9254,0.6003,MX,US,4,Emergente,Major,False,0,2,306.27,132.8,0.0874,0.0571,1726.88,952.52,2258.41,3906.93,0.0584,1.1393,-22.1562,-220.0,105.0,28.916,25.8407,9.7728,Medio,Medio,0.0604003249084881,0.858931101629459,0.08066857346205289
151,Sin Ti,Natalia Lafourcade,Balada,Balada folk,MX,real,6.756,16.3,True,True,1431996,44873209,31.34,29,935199,0.6658,MX,ES,5,Consagrado,Major,False,0,5,187.29,86.15,0.1230999976396561,0.0641999989748001,1109.41,902.94,1701.06,2001.61,0.0415,1.0866,-18.2716,-258.0076904296875,129.2985992431641,32.64870071411133,38.34230041503906,23.8789005279541,Medio,Medio,0.02583396582184482,0.6544209379097989,0.31974509626835623
152,Cancion_Sint_0050,Artista_Bld_0010,Balada,Balada pop,MX,sintetico,7.004,12.2,False,False,1624554,8552574,5.26,81,425944,0.6051,MX,PR,3,Consagrado,Major,True,1,8,219.41,114.8,0.213,0.0797,1769.61,595.01,1964.56,3573.98,0.0837,1.1693,-12.9868,-110.0,105.0,-13.0647,32.4257,-2.8558,Medio,Medio,0.07017810536512618,0.589686077731436,0.34013581690343786
153,Antes de las Doce,Jesse & Joy,Balada,Balada pop,MX,real,7.17,17.1,False,False,1812905,38659261,21.32,54,683047,0.8292,MX,,1,Consagrado,Major,False,0,5,251.15,136.0,0.2565000057220459,0.1211000010371208,2118.39,1071.37,2541.37,4566.75,0.0778,1.0314,-12.7423,-97.23480224609376,95.7646026611328,19.35320091247559,23.85849952697754,11.2258996963501,Bajo,Bajo,0.7481939154058582,0.17595097134423907,0.07585511324990282
154,Aunque Duela,Malú,Balada,Balada pop,ES,real,5.806,16.8,True,True,136911,2772934,20.25,65,71604,0.3452,ES,EC,3,Consagrado,Major,False,0,12,230.64,86.15,0.2085999995470047,0.0996999964118003,2353.99,947.92,2448.55,4992.45,0.1085,0.9892,-13.4351,-78.10299682617188,89.68689727783203,0.9275000095367432,20.85409927368164,6.805500030517578,Medio,Medio,0.03684882024555848,0.7739389553100723,0.1892122244443694
155,Cancion_Sint_0068,Artista_Bld_0021,Balada,Balada pop,MX,sintetico,6.017,5.9,False,True,75388,834558,11.07,60,43041,0.3032,MX,ES,2,Emergente,Major,False,0,1,297.28,63.4,0.1418,0.0725,2055.19,859.56,2319.89,4382.87,0.0846,0.947,-17.8639,-146.1886,103.5723,5.9579,8.4206,10.8057,Medio,Bajo,0.525328123768155,0.43841148126577933,0.03626039496606568
156,Cancion_Sint_0034,David Bisbal,Balada,Balada pop,ES,sintetico,6.057,18.5,True,True,116844,1646493,14.09,52,59510,0.631,MX,CO,2,Consagrado,Major,False,0,3,240.29,106.3,0.2245,0.1017,2095.78,836.05,2454.71,4506.4,0.083,1.1611,-13.3975,-110.0,105.0,2.6111,8.7845,-3.2654,Medio,Medio,0.16609420070002778,0.738528064789502,0.0953777345104703
157,No Me Compares,Alejandro Sanz,Balada,Balada pop,ES,real,6.258,19.0,True,True,635681,15874677,24.97,40,392016,0.7618,ES,US,4,Consagrado,Indie,False,0,6,285.65,71.8,0.0531000010669231,0.0287999995052814,2036.61,848.08,2346.88,4437.62,0.0804,0.9974,-25.2243,-228.5184020996094,94.94940185546876,5.250999927520752,9.84340000152588,2.323199987411499,Alto,Alto,0.024523607658838462,0.18733494080052282,0.7881414515406387
158,Amor en Silencio,Kany García,Balada,Balada pop,PR,real,6.104,17.7,True,True,140460,1724273,12.28,77,70631,0.5073,MX,CO,4,Consagrado,Major,False,0,9,219.89,71.8,0.1674000024795532,0.0940999984741211,2083.8,896.8,2445.22,4596.18,0.0803,0.951,-14.9604,-133.5070953369141,92.74909973144533,13.66320037841797,23.0275993347168,8.594599723815918,Alto,Alto,0.02226999061609865,0.18835212018304667,0.7893778892008546
159,Cancion_Sint_0033,David Bisbal,Balada,Balada pop,ES,sintetico,6.057,18.5,True,True,116844,1646493,14.09,52,59510,0.631,MX,US,2,Consagrado,Major,False,0,4,226.94,124.2,0.1244,0.0608,2517.96,820.61,2627.72,5459.95,0.1073,1.1138,-17.658,-113.568,83.0092,-12.8024,5.0,4.5606,Medio,Medio,0.16237025654107895,0.7643222369998717,0.07330750645904931
160,Cancion_Sint_0025,Lasso,Balada,Balada pop,VE,sintetico,6.545,14.1,False,True,369298,3009040,8.15,89,192631,0.6041,MX,CO,3,Consagrado,Major,False,0,3,260.12,79.8,0.1033,0.0513,2094.02,540.32,2539.55,4889.27,0.0738,1.2473,-22.5523,-171.9648,101.5209,15.06,23.6584,6.9099,Medio,Medio,0.0761315112023339,0.5781416746255216,0.34572681417214457
161,La Música No Se Toca,Alejandro Sanz,Balada,Balada pop,ES,real,6.258,19.0,True,True,635681,15874677,24.97,40,392016,0.7618,ES,CO,3,Consagrado,Indie,False,0,7,287.79,112.3,0.1005999967455864,0.0390999987721443,2269.93,774.9,2452.04,4834.52,0.1016,0.9593,-20.238,-130.2966003417969,88.31300354003906,0.5482000112533569,25.38170051574707,4.832900047302246,Medio,Medio,0.0686480217631427,0.622324236866104,0.3090277413707532
162,Cancion_Sint_0149,Artista_Bld_0031,Balada,Balada pop,CO,sintetico,5.369,3.7,False,True,84800,1099470,12.97,58,23993,0.5099,ES,,1,Emergente,Indie,False,0,12,265.85,87.1,0.1949,0.0962,1910.52,1017.97,2059.13,3882.29,0.0866,1.0499,-14.2676,-125.3057,101.0074,0.6612,25.038,4.6886,Bajo,Bajo,0.9526021771219909,0.04204284642222361,0.005354976455785392
163,Cancion_Sint_0152,Artista_Bld_0052,Balada,Balada pop,ES,sintetico,4.688,1.9,False,True,7147,358555,50.17,80,2917,0.5207,CO,,1,Emergente,Regional,False,0,6,259.52,70.0,0.1278,0.0552,2801.65,791.04,2825.02,6175.28,0.1287,1.0049,-18.8075,-110.0,67.7489,-7.3265,17.9299,3.3695,Bajo,Bajo,0.9539346457603857,0.041409392434494305,0.00465596180511998
164,Cancion_Sint_0133,Artista_Bld_0029,Balada,Balada pop,VE,sintetico,5.467,5.1,True,True,38980,353932,9.08,73,15772,0.6383,US,CO,2,Emergente,Regional,False,0,2,284.2,110.5,0.1354,0.0462,2608.27,883.71,2709.88,5780.53,0.1091,1.1636,-19.5507,-137.8607,69.1753,7.5559,26.953,9.6526,Bajo,Bajo,0.8847524478527493,0.09588706634331354,0.019360485803937046
165,Solamente Tú,Pablo Alborán,Balada,Balada pop,ES,real,6.616,16.7,False,True,565278,9385990,16.6,58,241959,0.7403,PE,VE,5,Consagrado,Major,False,0,9,257.76,136.0,0.0478000007569789,0.0221999995410442,1986.19,926.17,2425.03,4525.08,0.0682,1.0385,-26.6365,-265.947998046875,97.33740234375,21.98990058898926,29.22669982910156,12.74470043182373,Alto,Alto,0.008405455711124886,0.05519759776450801,0.9363969465243671
166,Cancion_Sint_0054,Artista_Bld_0016,Balada,Balada pop,MX,sintetico,5.617,9.0,True,True,58927,867391,14.72,59,21472,0.5771,MX,ES,3,Emergente,Regional,False,0,2,247.12,114.7,0.0683,0.0489,2359.65,907.75,2625.74,5431.71,0.0898,1.0242,-21.0723,-157.1625,95.5333,12.7443,17.5869,0.2761,Medio,Medio,0.20782503152103587,0.7033102974249993,0.08886467105396485
167,Cancion_Sint_0057,Artista_Bld_0019,Balada,Balada pop,MX,sintetico,5.566,8.1,True,True,35416,389929,11.01,90,14187,0.312,ES,MX,2,Establecido,Major,True,1,11,248.93,60.1,0.2479,0.12,1940.59,981.44,2336.34,4257.07,0.0645,0.9196,-13.7411,-114.29,100.1306,10.3023,19.2878,7.6053,Medio,Medio,0.3892296088608799,0.5920334550397951,0.018736936099324985
168,Demasiado,Manuel Carrasco,Balada,Balada pop,ES,real,5.332,12.3,True,True,30475,702628,23.06,82,13076,0.531,MX,,1,Emergente,Major,False,0,12,239.58,136.0,0.2188999950885773,0.0794999971985817,2139.49,676.95,2285.95,4365.45,0.0984,1.0391,-13.6667,-44.20240020751953,97.98670196533205,-17.56290054321289,18.62960052490234,4.503799915313721,Bajo,Bajo,0.8914866184416749,0.0970506218427282,0.011462759715596967
169,Cancion_Sint_0062,Artista_Bld_0019,Balada,Balada pop,MX,sintetico,5.566,8.1,True,True,35416,389929,11.01,90,14187,0.312,MX,CO,4,Establecido,Major,False,0,4,178.17,89.1,0.0949,0.0441,1492.16,845.62,1866.4,2881.46,0.0696,0.9293,-19.549,-206.8425,105.0,-6.5234,23.0383,10.1884,Medio,Medio,0.09741493398618249,0.7321507332517705,0.170434332762047
170,El Lugar Correcto,Natalia Lafourcade,Balada,Balada folk,MX,real,6.756,16.3,True,False,1431996,44873209,31.34,29,935199,0.6658,MX,CO,2,Consagrado,Major,False,0,11,235.19,92.3,0.1689999997615814,0.0750999972224235,1296.73,745.86,1750.31,2576.74,0.0509,1.2972,-15.8671,-165.7160949707031,141.6038055419922,2.505899906158447,26.05830001831055,7.392799854278564,Medio,Medio,0.18898032335113443,0.7555429065308443,0.055476770118021095
171,Por Favor,Reik,Balada,Balada pop,MX,real,6.338,18.5,True,True,266722,2589309,9.71,69,69087,0.7752,AR,CL,2,Consagrado,Major,False,0,9,229.25,71.8,0.1784999966621399,0.0687000006437301,1982.9,887.24,2319.08,4231.49,0.0806,1.0348,-15.4843,-105.6956024169922,104.4173965454102,9.27280044555664,26.10540008544922,13.40250015258789,Alto,Alto,0.3550418039318237,0.20753603600959813,0.43742216005857815
172,Cancion_Sint_0004,Andrés Cepeda,Balada,Balada romántica,CO,sintetico,7.107,14.7,False,True,1901146,13395210,7.05,28,1208963,0.6545,MX,CO,4,Consagrado,Major,False,0,4,275.11,70.0,0.1359,0.0639,2239.23,708.87,2395.97,4748.24,0.091,1.0847,-18.2625,-123.5819,83.641,0.5066,31.6383,8.0273,Alto,Alto,0.043594260876415464,0.22413675981859432,0.7322689793049901
173,Cancion_Sint_0103,Artista_Bld_0024,Balada,Balada pop,VE,sintetico,6.199,11.1,False,True,195574,1565534,8.0,68,131353,0.6433,US,,1,Establecido,Major,True,1,2,322.06,97.7,0.2098,0.12,2349.72,928.14,2551.81,5110.68,0.0958,1.0746,-13.4122,-110.0,79.3054,10.7851,16.7862,11.1515,Bajo,Bajo,0.9034085751515372,0.07947998408183836,0.017111440766624384
174,Algo Más,Reik,Balada,Balada pop,MX,real,6.338,18.5,True,True,266722,2589309,9.71,69,69087,0.7752,CR,ES,7,Consagrado,Major,False,0,8,210.4,136.0,0.1791999936103821,0.0794000029563903,1618.24,665.44,2065.3,3342.08,0.0629,1.1045,-15.0795,-125.7203979492188,118.9985961914062,1.228399991989136,26.76180076599121,12.35060024261475,Alto,Alto,0.010387040075115825,0.07421247048287626,0.9154004894420079
175,Cancion_Sint_0148,Artista_Bld_0042,Balada,Balada pop,AR,sintetico,4.58,4.4,False,False,18737,190211,10.15,48,6313,0.6475,AR,,1,Emergente,Regional,False,0,7,217.58,119.9,0.2377,0.11,2592.52,1026.54,2692.51,5625.91,0.1072,1.1051,-14.7336,-110.0,74.6639,14.6329,10.0718,-2.7927,Bajo,Bajo,0.9683094363117308,0.024126796235878607,0.0075637674523905615
176,Cancion_Sint_0120,Artista_Bld_0017,Balada,Balada pop,CL,sintetico,5.813,5.5,True,True,117624,717859,6.1,15,77735,0.6782,US,AR,2,Emergente,Indie,False,0,9,284.1,91.0,0.2319,0.0991,2013.04,699.8,2176.26,4127.14,0.0862,1.0474,-12.1875,-110.0,103.1199,-15.0,9.2714,-5.0,Bajo,Bajo,0.7418085406855144,0.20142417859716927,0.056767280717316425
177,Amigos con Derechos,Reik,Balada,Balada pop,MX,real,6.338,18.5,True,True,266722,2589309,9.71,69,69087,0.7752,MX,US,2,Consagrado,Major,True,1,8,288.62,92.3,0.2305999994277954,0.1318999975919724,2515.62,1061.07,2664.64,5658.18,0.0962,1.213,-13.3952,-87.00469970703125,82.9574966430664,14.37660026550293,14.36009979248047,5.697999954223633,Alto,Alto,0.33690720324228407,0.26442305141738126,0.3986697453403347
178,Eres,Mon Laferte,Balada,Balada pop,CL,real,6.813,13.8,False,False,748873,9273229,12.38,58,488644,0.6272,MX,CL,3,Consagrado,Major,False,0,7,230.25,92.3,0.120399996638298,0.0544999986886978,1357.42,966.96,1714.99,2739.76,0.0686,1.2156,-18.3784,-228.0007934570312,131.3462066650391,12.95660018920898,39.28150177001953,13.7588996887207,Alto,Alto,0.0611752153731444,0.3872370864320484,0.5515876981948074
179,Tan Enamorados,Ricardo Montaner,Balada,Balada pop,VE,real,5.459,17.2,False,True,33798,512353,15.16,92,22394,0.4299,CO,VE,5,Establecido,Major,False,0,9,255.49,71.8,0.1541000008583069,0.0434000007808208,2705.21,809.89,2673.98,5852.67,0.1282,1.2136,-16.9708,-83.83499908447266,76.86869812011719,6.450500011444092,34.16659927368164,2.327399969100952,Medio,Medio,0.04267963775262573,0.7223689704830768,0.2349513917642974
180,Te Mando Flores,Fonseca,Balada,Balada pop,CO,real,6.19,18.0,True,True,44249,384306,8.69,61,25553,0.5034,MX,US,7,Consagrado,Major,False,0,1,231.46,103.4,0.063799999654293,0.0210999995470047,2122.9,502.91,2495.36,4808.75,0.0817,1.2569,-25.1892,-178.1983032226562,93.3030014038086,8.558500289916992,30.67410087585449,5.877799987792969,Alto,Alto,0.013942824848762332,0.05224250715337485,0.9338146679978628
181,Cancion_Sint_0108,Artista_Bld_0019,Balada,Balada pop,MX,sintetico,5.566,8.1,True,True,35416,389929,11.01,90,14187,0.312,MX,,1,Establecido,Major,False,0,5,152.61,96.8,0.1148,0.0403,2176.06,836.25,2430.03,4928.59,0.0779,1.109,-20.1999,-152.094,96.7832,9.2721,11.5488,0.8856,Bajo,Bajo,0.8906214628513343,0.10198300176504511,0.007395535383620472
182,Mientes,Camila,Balada,Balada pop,MX,real,6.67,19.0,True,True,1092710,35127307,32.15,50,379820,0.6064,MX,US,5,Consagrado,Major,False,0,12,222.84,86.15,0.1386999934911728,0.0776000022888183,2793.29,987.06,2760.88,6042.17,0.1216,0.9478,-16.44,-121.1864013671875,71.6355972290039,6.87909984588623,25.98480033874512,13.24989986419678,Alto,Alto,0.009511997500813758,0.06811197923367866,0.9223760232655076
183,Cancion_Sint_0014,Artista_Bld_0010,Balada,Balada pop,MX,sintetico,7.004,12.2,False,False,1624554,8552574,5.26,81,425944,0.6051,PE,MX,3,Consagrado,Major,False,0,3,291.72,118.1,0.0418,0.0504,2698.4,752.39,2659.13,6014.29,0.1157,1.0144,-25.2049,-174.15,61.9405,-5.7201,16.7939,-5.0,Alto,Alto,0.07334686525116528,0.2815299723727114,0.6451231623761233
184,Cancion_Sint_0110,Artista_Bld_0026,Balada,Balada pop,MX,sintetico,6.238,5.6,False,False,426805,2435585,5.71,41,246513,0.5963,MX,,1,Establecido,Indie,False,0,3,314.26,84.1,0.1397,0.0648,2913.35,695.61,2824.93,6351.35,0.1324,1.1391,-18.025,-110.0,66.0498,-2.2537,23.3784,10.3067,Bajo,Bajo,0.9404235398788877,0.04620973126473111,0.013366728856380988
185,Cuando Nadie Ve,Alejandro Sanz,Balada,Balada pop,ES,real,6.258,19.0,False,False,635681,15874677,24.97,40,392016,0.7618,ES,CO,3,Consagrado,Indie,False,0,2,289.37,136.0,0.0771000012755394,0.0388000011444091,2409.13,1055.46,2642.9,5369.8,0.098,0.9769,-22.4948,-173.6484069824219,91.73909759521484,17.26049995422363,20.59480094909668,8.499899864196777,Medio,Medio,0.05523892913753917,0.6951361057780291,0.24962496508443172
186,Cancion_Sint_0015,Artista_Bld_0005,Balada,Balada pop,MX,sintetico,7.064,12.9,True,True,311506,1818468,5.84,50,111795,0.7506,MX,AR,3,Consagrado,Major,False,0,6,215.23,96.6,0.2222,0.1088,1733.59,739.32,2060.97,3531.51,0.0721,1.1258,-14.0728,-110.0,105.0,-2.3746,26.8583,-1.8948,Alto,Alto,0.05641117601706811,0.3333728033339191,0.6102160206490128
187,Cancion_Sint_0063,Artista_Bld_0018,Balada,Balada pop,ES,sintetico,5.724,12.5,False,True,53214,614299,11.54,79,24560,0.3455,ES,AR,3,Establecido,Indie,True,1,12,210.18,70.5,0.2456,0.1157,2442.27,945.83,2374.9,5240.49,0.1137,0.9278,-11.8639,-110.0,83.4918,-7.4329,5.0,-5.0,Medio,Medio,0.10180383072264482,0.8466468652302105,0.051549304047144674
188,Por Respirar,Malú,Balada,Balada pop,ES,real,5.806,16.8,True,True,136911,2772934,20.25,65,71604,0.3452,US,,1,Consagrado,Major,False,0,6,258.41,117.5,0.099600002169609,0.0571000017225742,2286.55,1074.24,2446.06,5192.66,0.0976,1.0437,-18.8472,-177.5173034667969,103.782600402832,3.681999921798706,1.422099947929382,5.077000141143799,Medio,Medio,0.2994292497493203,0.6748757292976425,0.02569502095303718
189,Cancion_Sint_0138,Artista_Bld_0039,Balada,Balada romántica,ES,sintetico,4.076,5.9,False,True,587,6014,10.25,46,199,0.409,US,,1,Emergente,Indie,False,0,6,258.9,118.7,0.1467,0.0742,2114.97,625.88,2392.89,4701.7,0.0912,0.8459,-15.8532,-119.6783,103.9655,6.1233,23.2695,1.4933,Bajo,Bajo,0.9767257676112984,0.0189029605559275,0.004371271832774285
190,El Cristal,Mon Laferte,Balada,Balada rock,CL,real,6.813,13.8,True,True,748873,9273229,12.38,58,488644,0.6272,CO,CL,4,Consagrado,Major,False,0,4,187.43,86.15,0.0920000001788139,0.0617000013589859,2186.14,690.38,2302.63,4571.73,0.0988,0.9749,-19.4132,-173.8231964111328,87.40489959716797,-9.102899551391602,0.3100999891757965,-24.78079986572266,Medio,Medio,0.02405480360786056,0.5183649213432254,0.457580275048914
191,Cancion_Sint_0123,Artista_Bld_0043,Balada,Balada pop,MX,sintetico,4.31,8.1,False,False,1660,26563,16.0,72,530,0.4456,MX,AR,2,Emergente,Indie,False,0,4,276.66,124.2,0.2451,0.1058,1994.79,702.83,2352.39,4497.67,0.0755,1.2692,-12.8185,-110.0,105.0,8.433,27.8736,13.0234,Bajo,Bajo,0.8721399874801185,0.10790572165667385,0.019954290863207727
192,Mi Princesa,David Bisbal,Balada,Balada pop,ES,real,6.057,18.5,True,True,116844,1646493,14.09,52,59510,0.631,CL,US,5,Consagrado,Major,False,0,12,201.36,103.4,0.0662000030279159,0.0392000004649162,2031.58,904.23,2211.18,3978.54,0.0894,1.015,-22.4212,-222.2850036621094,93.57939910888672,-12.35540008544922,14.60319995880127,6.945099830627441,Alto,Alto,0.009275296503083407,0.09916742326682419,0.8915572802300925
193,Cancion_Sint_0017,Artista_Bld_0002,Balada,Balada folk,ES,sintetico,7.049,8.8,True,True,1150410,22327905,19.41,69,656613,0.6312,CO,MX,4,Consagrado,Major,True,1,11,222.08,110.0,0.2284,0.112,2523.46,1066.07,2680.67,5733.79,0.1052,1.293,-14.1854,-110.0,75.0624,25.4396,31.1995,8.1389,Alto,Alto,0.019730413839368834,0.16036120072531612,0.819908385435315
194,Años Luz,Pablo Alborán,Balada,Balada pop,ES,real,6.616,16.7,False,True,565278,9385990,16.6,58,241959,0.7403,VE,ES,3,Consagrado,Major,False,0,11,225.54,136.0,0.0732999965548515,0.0434999987483024,2144.7,830.37,2378.73,4732.18,0.0858,1.0514,-22.6301,-194.947998046875,94.80560302734376,7.148300170898438,16.50819969177246,-0.4663999974727631,Medio,Medio,0.04056032165408607,0.6702752305707949,0.289164447775119
195,Será,Ricardo Montaner,Balada,Balada pop,VE,real,5.459,17.2,False,True,33798,512353,15.16,92,22394,0.4299,US,MX,2,Establecido,Major,True,1,11,228.37,112.3,0.1324000060558319,0.0702999979257583,2495.87,798.25,2407.03,5001.51,0.1197,0.9706,-16.9682,-108.4134979248047,80.4114990234375,-12.91049957275391,22.46859931945801,-3.527899980545044,Medio,Medio,0.40134473053311864,0.5760480275695541,0.022607241897327202
196,Todo el Tiempo del Mundo,Axel,Balada,Balada pop,AR,real,5.806,12.6,True,True,192739,3143595,16.31,59,76909,0.4239,EC,,1,Consagrado,Major,False,0,7,234.96,86.1,0.097800001502037,0.0549000017344951,2497.11,1005.39,2713.49,5683.14,0.1013,0.9772,-19.6374,-163.1401977539062,83.81839752197266,11.95400047302246,19.99040031433105,16.75099945068359,Medio,Bajo,0.5141436915087846,0.4425160765663242,0.04334023192489122
197,A Contracorriente,Malú,Balada,Balada pop,ES,real,5.806,16.8,True,True,136911,2772934,20.25,65,71604,0.3452,US,ES,3,Consagrado,Major,False,0,6,209.14,129.2,0.1990000009536743,0.1225000023841858,2280.46,933.27,2564.3,5280.65,0.086,1.1951,-14.7808,-105.6563034057617,92.74949645996094,13.52299976348877,15.78909969329834,2.879800081253052,Medio,Medio,0.037959192949498316,0.8017719869537123,0.1602688200967893
198,Se Me Olvidó Otra Vez,Paty Cantú,Balada,Balada pop,MX,real,5.348,19.4,True,True,13635,197031,14.45,54,6877,0.3204,MX,,1,Consagrado,Major,False,0,5,201.18,86.15,0.2400999963283539,0.0781000033020973,1219.89,558.65,1872.29,2617.97,0.0328,1.1244,-14.6025,-133.0897064208984,125.0759963989258,15.04790019989014,37.80770111083984,12.92930030822754,Medio,Medio,0.4013575716475487,0.550719729332985,0.04792269901946644
199,Cancion_Sint_0001,Alejandro Fernández,Balada,Balada romántica,MX,sintetico,6.49,17.5,True,True,911890,10714836,11.75,53,248070,0.6342,US,GT,5,Consagrado,Indie,False,0,4,233.5,107.1,0.2209,0.0945,1962.49,655.89,2288.3,4210.87,0.0757,1.1378,-12.0033,-110.0,105.0,-3.1736,25.365,0.0601,Alto,Alto,0.015406193810578252,0.08242475546353843,0.9021690507258834
200,Culpable,David Bisbal,Balada,Balada pop,ES,real,6.057,18.5,True,True,116844,1646493,14.09,52,59510,0.631,CO,ES,3,Consagrado,Major,False,0,10,231.97,136.0,0.2293999940156937,0.1102999970316887,2100.45,888.0,2376.95,4569.42,0.0852,0.911,-12.8452,-85.1259994506836,100.8768005371094,3.996999979019165,9.603099822998049,13.00629997253418,Medio,Medio,0.04622608771565658,0.5004809359581476,0.4532929763261959
201,Cancion_Sint_0075,Alejandro Fernández,Balada,Balada romántica,MX,sintetico,6.49,17.5,True,True,911890,10714836,11.75,53,248070,0.6342,MX,VE,3,Consagrado,Indie,False,0,6,265.16,60.1,0.1333,0.02,1887.72,753.86,2292.97,3877.05,0.0767,1.2628,-19.8869,-163.1681,103.5822,9.4276,38.6169,22.294,Bajo,Alto,0.24246057927369505,0.21050800014020432,0.5470314205861007
202,Todo el Amor,Luciano Pereyra,Balada,Balada romántica,AR,real,6.117,10.9,True,True,199548,3298384,16.53,44,100639,0.5489,CL,MX,2,Establecido,Indie,True,1,8,250.5,129.2,0.1826999932527542,0.0551000013947486,1678.17,781.77,2191.08,3675.09,0.0665,1.0032,-15.559,-136.7850036621094,112.2434005737305,25.7628002166748,35.86380004882812,13.86470031738281,Bajo,Bajo,0.6941376584604141,0.2387304894209896,0.06713185211859642
203,Cancion_Sint_0099,Artista_Bld_0004,Balada,Balada folk,US,sintetico,7.107,15.2,True,True,3601979,55464462,15.4,100,1848009,0.5866,US,ES,2,Consagrado,Indie,False,0,11,284.5,79.1,0.0853,0.0512,1762.73,723.34,2040.76,3563.74,0.0826,1.2115,-19.7868,-172.8835,105.0,0.5646,26.7174,0.4502,Bajo,Bajo,0.7418398263034914,0.20531029367719866,0.05284988001930998
204,Contigo,El Canto del Loco,Balada,Balada pop,ES,real,5.778,16.8,True,True,73290,718238,9.8,76,31313,0.3317,UY,MX,7,Consagrado,Indie,False,0,3,218.06,117.5,0.1718000024557114,0.063799999654293,2234.89,693.05,2546.92,4972.31,0.083,1.2348,-15.9179,-98.6957015991211,86.44709777832031,9.519000053405762,30.88629913330078,7.17710018157959,Alto,Alto,0.04614856802633554,0.1120738621843595,0.841777569789305
205,Camino de Rosas,Alejandro Sanz,Balada,Balada pop,ES,real,6.258,19.0,True,True,635681,15874677,24.97,40,392016,0.7618,ES,US,5,Consagrado,Indie,False,0,5,272.6,95.7,0.095499999821186,0.0527999997138977,1993.31,874.89,2261.69,4355.31,0.081,1.1801,-20.548,-184.5126037597656,96.34320068359376,9.10159969329834,23.25029945373535,0.997099995613098,Alto,Alto,0.01823711220366738,0.12327261674657652,0.858490271049756
206,Cancion_Sint_0085,Juanes,Balada,Balada rock,CO,sintetico,6.403,19.3,True,True,436350,5791768,13.27,65,110809,0.6194,MX,,1,Consagrado,Major,False,0,2,272.15,136.0,0.1214,0.0576,2614.54,694.91,2799.41,5867.57,0.1059,0.9942,-19.8936,-117.9178,68.1552,1.2052,26.2119,-2.9152,Bajo,Bajo,0.7631478422739937,0.1897897761212311,0.04706238160477528
207,Cancion_Sint_0009,Manuel Carrasco,Balada,Balada rock,ES,sintetico,5.332,12.3,True,True,30475,702628,23.06,82,13076,0.531,CO,UY,5,Emergente,Major,False,0,1,228.66,104.2,0.1539,0.1031,2308.1,978.27,2450.42,4999.47,0.1031,0.8937,-16.132,-134.5336,89.2676,-2.6673,5.8571,1.17,Alto,Medio,0.06324454481684978,0.5590482148753536,0.3777072403077965
208,Cancion_Sint_0035,Axel,Balada,Balada pop,AR,sintetico,5.806,12.6,True,True,192739,3143595,16.31,59,76909,0.4239,GT,US,3,Consagrado,Major,False,0,12,231.02,63.1,0.0406,0.0333,2030.68,665.02,2255.99,4134.21,0.0932,1.0468,-24.0211,-212.3107,104.6769,-15.0,24.5755,3.6138,Medio,Medio,0.07265392836467838,0.605254725012939,0.32209134662238276
209,Comienzo de Todo,Rozalén,Balada,Balada folk,ES,real,5.892,10.7,True,False,40062,679359,16.96,79,14928,0.3745,MX,ES,4,Establecido,Major,False,0,11,201.29,129.2,0.2001000046730042,0.092299997806549,2350.16,985.46,2631.28,5274.88,0.0899,1.0821,-14.4223,-99.17610168457033,85.79920196533203,19.48299980163574,27.32659912109375,8.660699844360352,Medio,Medio,0.06995481175105918,0.820687489444278,0.10935769880466284
210,Yo Te Pido,Pablo Alborán,Balada,Balada pop,ES,real,6.616,16.7,False,True,565278,9385990,16.6,58,241959,0.7403,EC,CL,6,Consagrado,Major,False,0,9,257.76,136.0,0.0478000007569789,0.0221999995410442,1986.19,926.17,2425.03,4525.08,0.0682,1.0385,-26.6365,-265.947998046875,97.33740234375,21.98990058898926,29.22669982910156,12.74470043182373,Alto,Alto,0.007828688738005523,0.04405364715126137,0.9481176641107333
211,Indiferente,Reik,Balada,Balada pop,MX,real,6.338,18.5,False,True,266722,2589309,9.71,69,69087,0.7752,MX,,1,Consagrado,Major,False,0,8,221.4,129.2,0.1453000009059906,0.0439999997615814,2684.2,806.76,2649.79,5778.38,0.1175,1.1478,-17.7589,-79.39350128173828,75.72329711914062,-5.496600151062012,17.46649932861328,7.18809986114502,Bajo,Bajo,0.7353917174357814,0.2108172547219569,0.053791027842261814
212,Cancion_Sint_0091,Artista_Bld_0005,Balada,Balada pop,MX,sintetico,7.064,12.9,True,True,311506,1818468,5.84,50,111795,0.7506,MX,,1,Consagrado,Major,False,0,8,255.98,70.3,0.0851,0.0609,2573.08,1068.19,2434.57,5096.02,0.1205,1.2004,-20.4437,-161.7638,69.623,-15.0,23.8831,3.3584,Bajo,Bajo,0.7836557897990674,0.17685456420277385,0.03948964599815871
213,Cancion_Sint_0037,Sin Bandera,Balada,Balada pop,MX,sintetico,4.611,17.0,True,True,9899,137713,13.91,81,6440,0.4312,US,CO,3,Establecido,Major,False,0,2,256.88,116.9,0.203,0.0945,2952.93,1004.27,3038.97,6870.16,0.1165,1.1267,-17.1737,-110.0,60.0,20.4731,14.5297,1.9558,Medio,Medio,0.10275925375975488,0.8427320616620381,0.0545086845782071
214,En Vida,Coti,Balada,Balada pop,AR,real,6.572,16.6,False,True,3206790,34402981,10.73,82,903182,0.5586,AR,MX,2,Consagrado,Major,False,0,3,247.41,83.4,0.1903000026941299,0.0920000001788139,2496.56,859.26,2606.35,5470.6,0.1156,0.9881,-13.8962,-98.07109832763672,77.44560241699219,12.50279998779297,14.54609966278076,-0.4704000055789948,Bajo,Bajo,0.556578511649848,0.27852519568699013,0.164896292663162
215,Eres mi Sueño,Fonseca,Balada,Balada pop,CO,real,6.19,18.0,True,True,44249,384306,8.69,61,25553,0.5034,CO,CL,3,Consagrado,Major,False,0,5,196.05,117.5,0.2041999995708466,0.0793000012636184,2547.26,922.54,2751.4,5840.25,0.1034,1.4236,-14.8661,-61.8760986328125,81.54080200195312,13.75819969177246,16.16830062866211,8.481100082397461,Alto,Alto,0.07780742361239831,0.22644492505928962,0.6957476513283122
216,Cancion_Sint_0157,Artista_Bld_0039,Balada,Balada romántica,ES,sintetico,4.076,5.9,False,True,587,6014,10.25,46,199,0.409,ES,,1,Emergente,Indie,False,0,5,262.27,115.1,0.0436,0.035,1806.65,937.61,2176.48,3771.42,0.0701,1.1415,-24.7504,-220.0,100.9592,29.1585,23.7807,8.324,Bajo,Bajo,0.9223676511585674,0.06677381378930769,0.010858535052124856
217,Desnuda,Ricardo Arjona,Balada,Balada pop,GT,real,6.238,20.0,False,False,442971,3660529,8.26,54,250403,0.7105,MX,US,3,Consagrado,Major,False,0,1,254.54,136.0,0.0970000028610229,0.0494000017642974,1325.9,958.64,1784.89,2485.91,0.0538,1.0497,-20.5514,-232.0908050537109,128.0260925292969,21.22139930725098,32.02130126953125,4.76230001449585,Medio,Medio,0.03358441651435417,0.7770649392956616,0.18935064418998424
218,Cancion_Sint_0076,Morat,Balada,Balada pop,CO,sintetico,6.813,11.5,True,True,267956,5414735,20.21,79,156520,0.7043,CO,MX,2,Consagrado,Major,False,0,8,261.16,64.5,0.239,0.1114,2174.93,867.72,2580.54,4907.43,0.0807,0.93,-12.3371,-110.0,93.9514,12.2778,16.0311,14.867,Bajo,Bajo,0.5377832854867926,0.24134786586564164,0.22086884864756567
219,Sin Llorar,Malú,Balada,Balada pop,ES,real,5.806,16.8,True,True,136911,2772934,20.25,65,71604,0.3452,US,CL,4,Consagrado,Major,False,0,10,239.72,92.3,0.1061000004410744,0.0531999990344047,2437.09,746.26,2525.01,5079.85,0.1125,1.1059,-19.6079,-138.7330932617188,81.9041976928711,0.0839999988675117,28.07460021972656,7.204899787902832,Medio,Medio,0.025700088661037186,0.5592363082264264,0.4150636031125364
220,Cancion_Sint_0130,Artista_Bld_0037,Balada,Balada pop,ES,sintetico,4.107,4.0,True,True,226,1796,7.95,61,82,0.3004,ES,,1,Emergente,Major,False,0,2,211.94,94.3,0.2101,0.1102,2027.57,984.98,2398.08,4468.95,0.075,1.1797,-14.6266,-117.2514,105.0,11.048,15.427,12.4809,Bajo,Bajo,0.9423401114780537,0.04923094575024305,0.008428942771703226
221,Cancion_Sint_0117,Artista_Bld_0021,Balada,Balada pop,MX,sintetico,6.017,5.9,False,True,75388,834558,11.07,60,43041,0.3032,MX,,1,Emergente,Major,False,0,2,301.4,127.7,0.2228,0.1044,2362.68,713.21,2538.46,5200.62,0.1016,1.1705,-14.2233,-110.0,84.9045,-2.2764,17.53,1.3248,Bajo,Bajo,0.9441593840632236,0.044458500874036716,0.011382115062739786
222,Cancion_Sint_0134,Artista_Bld_0031,Balada,Balada pop,CO,sintetico,5.369,3.7,False,True,84800,1099470,12.97,58,23993,0.5099,MX,CO,2,Emergente,Indie,False,0,1,239.68,82.3,0.1863,0.0686,1636.17,931.73,2094.14,3320.39,0.0654,1.1674,-15.9407,-151.5108,105.0,17.4693,35.2428,14.6405,Bajo,Bajo,0.8395158907344745,0.13773091452560357,0.022753194739922
223,Cómo Pagarte,Carlos Rivera,Balada,Balada pop,MX,real,6.716,13.1,True,True,1391629,25612291,18.4,54,744488,0.5988,AR,BO,5,Consagrado,Major,False,0,10,213.69,89.1,0.1553000062704086,0.0822999998927116,2095.12,847.4,2409.04,4579.12,0.0829,1.0618,-16.2064,-120.0234985351562,98.16950225830078,6.865799903869629,25.42690086364746,7.877500057220459,Alto,Alto,0.015417932940568322,0.11774326188870411,0.8668388051707275
224,Cancion_Sint_0023,Mon Laferte,Balada,Balada rock,CL,sintetico,6.813,13.8,True,False,748873,9273229,12.38,58,488644,0.6272,US,MX,2,Consagrado,Major,False,0,2,276.42,92.1,0.1304,0.0805,1892.39,989.5,2147.33,3910.45,0.0826,1.0829,-18.585,-176.8011,102.4104,13.1538,25.7579,5.7087,Medio,Medio,0.2961843309418563,0.5877732670014443,0.11604240205669941
225,Cancion_Sint_0118,Artista_Bld_0025,Balada,Balada pop,ES,sintetico,5.914,7.7,True,True,40103,297049,7.41,77,22333,0.456,BO,ES,2,Emergente,Indie,False,0,3,253.82,82.0,0.1926,0.0921,2942.45,654.73,2876.79,6528.31,0.1352,1.0119,-14.4884,-110.0,69.2039,-2.4293,17.4769,3.7273,Bajo,Bajo,0.9049761215928753,0.06507223792351084,0.02995164048361392
226,Cancion_Sint_0049,Artista_Bld_0007,Balada,Balada rock,ES,sintetico,6.509,10.7,True,True,611687,9280332,15.17,60,136098,0.4386,US,VE,3,Establecido,Indie,False,0,9,195.31,81.6,0.2699,0.12,1793.68,915.94,2205.32,3930.03,0.0684,0.7975,-11.3412,-110.0,104.9131,17.0968,25.3243,7.5906,Medio,Medio,0.08233915236235821,0.8165650402235731,0.1010958074140687
227,Cancion_Sint_0044,Artista_Bld_0010,Balada,Balada pop,MX,sintetico,7.004,12.2,False,False,1624554,8552574,5.26,81,425944,0.6051,MX,US,3,Consagrado,Major,False,0,11,196.35,109.3,0.1687,0.0879,1668.3,770.38,2178.5,3618.3,0.0582,1.0708,-16.3208,-164.9168,105.0,20.7822,18.1466,4.4659,Medio,Medio,0.04267659864516236,0.8446357794878181,0.11268762186701958
228,Mi Eterno Amor Secreto,Coti,Balada,Balada pop,AR,real,6.572,16.6,False,False,3206790,34402981,10.73,82,903182,0.5586,MX,,1,Consagrado,Major,False,0,12,277.06,99.4,0.1955000013113022,0.0750999972224235,2688.6,914.84,2722.42,5924.78,0.1273,1.1648,-14.3128,-70.78890228271484,74.87159729003906,18.11490058898926,18.96549987792969,-2.153599977493286,Bajo,Bajo,0.8369371671302889,0.13637164132684304,0.02669119154286818
229,Cancion_Sint_0002,Camila,Balada,Balada pop,MX,sintetico,6.67,19.0,True,True,1092710,35127307,32.15,50,379820,0.6064,US,MX,4,Consagrado,Major,False,0,8,205.08,117.5,0.254,0.0918,1172.96,662.79,1882.56,2504.69,0.04,1.0512,-14.4092,-130.7453,105.0,21.8842,37.7234,10.9336,Alto,Alto,0.016431223871755538,0.28133410942438314,0.7022346667038613
230,Hasta el Final,Carlos Rivera,Balada,Balada pop,MX,real,6.716,13.1,True,True,1391629,25612291,18.4,54,744488,0.5988,DO,ES,4,Consagrado,Major,False,0,4,209.93,71.8,0.2044000029563904,0.1031000018119812,1929.99,711.93,2291.07,4173.09,0.0769,0.9314,-13.6698,-95.76940155029295,102.3619003295898,4.029200077056885,25.66379928588867,5.051499843597412,Alto,Alto,0.01594409430221578,0.1584906250192546,0.8255652806785295
231,Por Mí,Camila,Balada,Balada pop,MX,real,6.67,19.0,True,True,1092710,35127307,32.15,50,379820,0.6064,MX,PE,4,Consagrado,Major,False,0,9,354.71,117.5,0.1327999979257584,0.0746999979019165,2285.85,870.48,2512.98,4958.14,0.0927,0.9576,-17.7174,-147.7303009033203,79.04609680175781,-1.302000045776367,27.27630043029785,16.6343994140625,Alto,Alto,0.020509872869623955,0.15892977009583095,0.820560357034545
232,Cancion_Sint_0086,Juanes,Balada,Balada rock,CO,sintetico,6.403,19.3,True,True,436350,5791768,13.27,65,110809,0.6194,US,,1,Consagrado,Major,False,0,1,286.92,106.7,0.1053,0.0452,1158.65,856.62,1692.97,2500.0,0.04,1.1738,-20.3405,-220.0,105.0,6.2934,22.0346,5.645,Bajo,Bajo,0.6777199877364466,0.2721201001711598,0.0501599120923937
233,Me Voy Enamorando,Chino & Nacho,Balada,Balada pop,VE,real,5.863,17.3,True,True,88310,2129789,24.12,67,40558,0.6209,CO,AR,6,Establecido,Indie,False,0,5,348.39,136.0,0.1723999977111816,0.0953999981284141,2350.01,830.71,2373.12,4902.99,0.1078,1.0936,-16.2519,-76.77330017089844,89.91130065917969,-10.66160011291504,19.16799926757812,-3.196500062942505,Alto,Alto,0.04049650106857166,0.26614755115548555,0.6933559477759428
234,Me Dediqué a Perderte,Alejandro Fernández,Balada,Balada romántica,MX,real,6.49,17.5,True,True,911890,10714836,11.75,53,248070,0.6342,CO,MX,5,Consagrado,Indie,False,0,3,265.85,76.0,0.0788000002503395,0.0397000014781951,1789.51,783.08,2300.24,3944.58,0.0608,1.1522,-22.387,-206.3365020751953,113.58740234375,15.93579959869385,28.18390083312988,7.005799770355225,Alto,Alto,0.019828356899538397,0.11931188319946776,0.8608597599009938
235,Hoy Tengo Ganas de Ti,Alejandro Fernández,Balada,Balada romántica,MX,real,6.49,17.5,True,True,911890,10714836,11.75,53,248070,0.6342,MX,EC,3,Consagrado,Indie,False,0,7,296.89,123.0,0.0925000011920929,0.0593999996781349,1956.56,782.8,2244.52,4122.71,0.0865,0.9534,-19.9557,-200.0724029541016,100.9455032348633,6.583300113677979,24.16769981384277,8.72249984741211,Alto,Alto,0.0716201478394725,0.2544054731953032,0.6739743789652243
236,Cancion_Sint_0078,Camila,Balada,Balada pop,MX,sintetico,6.67,19.0,True,True,1092710,35127307,32.15,50,379820,0.6064,MX,,1,Consagrado,Major,False,0,8,371.29,102.2,0.1087,0.0513,2317.68,454.08,2339.36,4823.93,0.114,0.9251,-18.3918,-110.0,96.1349,-15.0,8.4221,-5.0,Bajo,Bajo,0.7561845764853439,0.20289564470288193,0.040919778811774235
237,Cancion_Sint_0145,Artista_Bld_0055,Balada,Balada folk,CO,sintetico,4.94,6.2,True,True,1542,18401,11.93,61,881,0.6307,ES,CO,2,Emergente,Indie,False,0,7,273.14,130.9,0.2125,0.0898,1690.62,786.39,2014.17,3521.7,0.0744,0.9691,-12.8546,-110.0,105.0,-2.9849,16.2461,-0.5391,Bajo,Bajo,0.7516997998964006,0.22643732388847299,0.02186287621512637
238,El Universo Sobre Mí,Amaral,Balada,Balada rock,ES,real,4.204,15.3,False,True,1165,8727,7.49,81,754,0.3784,CR,,1,Emergente,Indie,False,0,1,249.68,92.3,0.2913999855518341,0.0878000035881996,2388.67,802.36,2601.34,5216.4,0.1013,1.0025,-11.2688,-21.80990028381348,89.3572998046875,3.621000051498413,22.98259925842285,9.523599624633787,Bajo,Bajo,0.9633055574055084,0.027139854047591783,0.00955458854689981
239,Cancion_Sint_0160,Artista_Bld_0058,Balada,Balada pop,CO,sintetico,5.455,5.3,False,False,41049,445068,10.84,42,14025,0.6186,AR,PE,2,Emergente,Major,False,0,10,213.35,108.9,0.1611,0.0497,2466.04,660.51,2580.5,5431.9,0.1026,1.1429,-17.7154,-110.0,81.0437,5.2212,23.0619,4.4472,Bajo,Bajo,0.903649907747235,0.07978303156372388,0.016567060689041284
240,Cancion_Sint_0031,Fonseca,Balada,Balada pop,CO,sintetico,6.19,18.0,True,True,44249,384306,8.69,61,25553,0.5034,MX,CO,4,Consagrado,Major,False,0,9,201.54,128.7,0.118,0.0282,2129.06,624.52,2529.46,4999.37,0.0784,1.1264,-21.0927,-122.5608,95.3785,21.0003,30.4382,2.3767,Medio,Medio,0.03138370933455989,0.6113107193496621,0.357305571315778
241,Cancion_Sint_0129,Artista_Bld_0037,Balada,Balada pop,ES,sintetico,4.107,4.0,True,True,226,1796,7.95,61,82,0.3004,ES,,1,Emergente,Major,False,0,1,267.46,85.5,0.1331,0.0726,2265.51,969.26,2536.21,5026.54,0.0819,1.0667,-18.3362,-160.6812,80.3151,18.2773,17.903,6.6976,Bajo,Bajo,0.9557253765461983,0.03819297043291306,0.006081653020888728
242,Un Millón de Veces,Ha*Ash,Balada,Balada pop,MX,real,6.528,17.2,True,True,702597,8359323,11.9,46,158240,0.5887,MX,US,7,Consagrado,Major,False,0,10,196.49,86.15,0.1938000023365021,0.1098000034689903,2708.23,1143.4,2694.8,5817.07,0.1189,1.0533,-14.8312,-97.52880096435548,76.17669677734375,13.16069984436035,12.20590019226074,4.552499771118164,Alto,Alto,0.012903042666646934,0.07180292950928195,0.9152940278240711
243,Cancion_Sint_0093,Artista_Bld_0001,Balada,Balada romántica,MX,sintetico,7.061,17.2,True,True,1643246,40807853,24.83,27,1065429,0.5859,MX,US,3,Consagrado,Major,False,0,12,294.11,100.6,0.1776,0.0744,2167.88,866.19,2366.52,4610.37,0.0998,1.1336,-16.8567,-110.0,96.3876,-7.5929,15.8189,0.4841,Bajo,Alto,0.2148816670461913,0.38842311171359395,0.3966952212402148
244,Cancion_Sint_0061,Artista_Bld_0027,Balada,Balada folk,MX,sintetico,5.732,11.6,False,True,63393,573550,9.05,53,40911,0.609,MX,,1,Emergente,Indie,False,0,7,293.49,107.4,0.1646,0.0816,1996.74,903.39,2254.37,4333.15,0.0804,0.996,-16.9358,-129.2393,105.0,2.9089,23.331,14.4701,Medio,Bajo,0.8518389584531743,0.13292194570203933,0.015239095844786377
245,Cancion_Sint_0064,Artista_Bld_0024,Balada,Balada pop,VE,sintetico,6.199,11.1,False,True,195574,1565534,8.0,68,131353,0.6433,MX,US,3,Establecido,Major,False,0,8,147.17,74.6,0.2401,0.0955,1858.27,603.15,2366.5,4161.34,0.0666,1.192,-12.5005,-110.0,105.0,7.4442,24.8497,13.6632,Medio,Medio,0.16562117216979436,0.5797442452014503,0.2546345826287553
246,Recuérdame,La Quinta Estación,Balada,Balada pop,ES,real,6.453,18.6,True,True,344185,3760965,10.93,56,209485,0.4284,MX,ES,4,Consagrado,Major,False,0,10,241.19,95.7,0.0785999968647956,0.0432000011205673,2452.77,873.12,2515.37,5212.07,0.1194,0.8722,-22.0137,-153.9199981689453,87.85639953613281,-2.1875,20.31929969787598,9.57900047302246,Alto,Alto,0.019184189166153148,0.13077296697854904,0.8500428438552978
247,Con el Viento,Rozalén,Balada,Balada folk,ES,real,5.892,10.7,True,True,40062,679359,16.96,79,14928,0.3745,US,,1,Establecido,Major,False,0,11,200.85,95.7,0.1743000000715256,0.0872000008821487,2424.64,902.06,2531.91,4976.94,0.1054,1.0054,-14.7869,-126.2302017211914,73.29759979248047,-6.676599979400635,19.98789978027344,5.767099857330322,Bajo,Bajo,0.8685176746645888,0.12068710650728025,0.010795218828130986
248,La Cruz del Olvido,Manuel Carrasco,Balada,Balada rock,ES,real,5.332,12.3,True,True,30475,702628,23.06,82,13076,0.531,US,MX,3,Emergente,Major,False,0,10,224.44,92.3,0.2433999925851822,0.1080000028014183,1822.9,789.88,2110.16,3763.17,0.0798,1.0805,-12.9514,-64.4552001953125,116.0316009521484,-6.555799961090088,21.60610008239746,4.782800197601318,Medio,Medio,0.10799328413445425,0.7924089241488572,0.09959779171668844
249,Cancion_Sint_0080,Prince Royce,Balada,Balada/bachata,US,sintetico,7.272,15.3,True,True,1015344,11572032,11.4,87,417120,0.632,AR,,1,Consagrado,Major,False,0,9,233.69,87.4,0.1752,0.0871,1228.08,904.73,1775.57,2500.0,0.04,0.8928,-17.0008,-188.4727,105.0,12.9747,16.4577,8.5431,Bajo,Bajo,0.6945718059871147,0.2631158066864045,0.04231238732648096
250,Mi Religión,Morat,Balada,Balada pop,CO,real,6.813,11.5,False,True,267956,5414735,20.21,79,156520,0.7043,CO,MX,2,Consagrado,Major,False,0,5,283.54,92.3,0.1855999976396561,0.0976999998092651,2010.14,912.4,2454.95,4625.75,0.0711,0.9521,-14.8714,-127.4573974609375,91.65779876708984,21.48859977722168,25.47369956970215,10.94979953765869,Alto,Bajo,0.4579496483910773,0.33466158044758065,0.20738877116134205
251,Cancion_Sint_0087,Amaral,Balada,Balada rock,ES,sintetico,4.204,15.3,False,True,1165,8727,7.49,81,754,0.3784,ES,,1,Emergente,Indie,False,0,10,303.31,76.0,0.1169,0.0772,2141.22,931.1,2259.6,4480.42,0.0952,0.9331,-17.29,-155.6186,93.8039,-2.0588,21.8963,-0.6491,Bajo,Bajo,0.9489749317496408,0.0452551078593468,0.0057699603910124535
252,Cancion_Sint_0116,Artista_Bld_0026,Balada,Balada pop,MX,sintetico,6.238,5.6,False,False,426805,2435585,5.71,41,246513,0.5963,MX,US,2,Establecido,Indie,False,0,2,249.04,92.5,0.123,0.0713,1805.2,975.55,2185.72,3912.64,0.0684,1.0041,-19.0505,-200.4196,98.9716,22.254,23.8562,0.2649,Bajo,Bajo,0.6499017805614441,0.31271103050231025,0.03738718893624571
253,Cancion_Sint_0073,Artista_Bld_0038,Balada,Balada pop,ES,sintetico,5.471,8.3,True,True,22203,241155,10.86,76,4901,0.3248,ES,MX,3,Emergente,Indie,False,0,2,262.79,90.4,0.2252,0.097,1907.57,845.05,2191.58,3826.92,0.0875,1.2678,-10.5951,-110.0,101.8261,5.6394,9.4035,3.5693,Medio,Medio,0.20629793377564037,0.6994035084563799,0.0942985577679797
254,Tenías Que Ser Tú,Carlos Rivera,Balada,Balada pop,MX,real,6.716,13.1,True,True,1391629,25612291,18.4,54,744488,0.5988,VE,MX,4,Consagrado,Major,False,0,9,209.26,80.75,0.2430000007152557,0.1075000017881393,2602.26,802.66,2760.67,5863.45,0.1086,0.9729,-12.1735,-46.54890060424805,79.1865005493164,9.213299751281738,21.41209983825684,4.66450023651123,Alto,Alto,0.013916631271527164,0.17282587305865363,0.8132574956698191
255,Aléjate de Mí,Camila,Balada,Balada pop,MX,real,6.67,19.0,True,True,1092710,35127307,32.15,50,379820,0.6064,CO,MX,4,Consagrado,Major,False,0,5,266.22,71.8,0.1274999976158142,0.0803000032901763,2438.05,948.58,2566.79,5307.44,0.1006,0.8629,-17.4099,-138.1786041259766,81.06629943847656,5.203199863433838,28.29649925231934,9.75380039215088,Alto,Alto,0.016847424294167173,0.10337162506480199,0.879780950641031
256,Cancion_Sint_0046,Artista_Bld_0002,Balada,Balada folk,ES,sintetico,7.049,8.8,True,True,1150410,22327905,19.41,69,656613,0.6312,MX,,1,Consagrado,Major,False,0,8,259.43,127.7,0.1058,0.0644,2488.91,946.07,2522.35,5429.33,0.1142,0.8945,-18.7056,-144.1705,90.4582,-0.1533,10.7471,2.0548,Medio,Medio,0.4166649557192588,0.5496955239362172,0.03363952034452403
257,Me Muero de Amor,Axel,Balada,Balada pop,AR,real,5.806,12.6,False,False,192739,3143595,16.31,59,76909,0.4239,MX,US,6,Consagrado,Major,False,0,5,269.28,66.3,0.0742999985814094,0.0452000014483928,1792.07,956.23,2169.61,3532.37,0.0752,0.9647,-21.7266,-219.6945953369141,117.8796997070312,8.096199989318848,10.22360038757324,7.113399982452393,Alto,Alto,0.021296934701880377,0.2043988997834337,0.7743041655146858
258,Rompiste mi Corazón,Jesse & Joy,Balada,Balada pop,MX,real,7.17,17.1,False,False,1812905,38659261,21.32,54,683047,0.8292,US,MX,3,Consagrado,Major,False,0,7,333.93,71.8,0.2258999943733215,0.1431999951601028,2083.72,1074.3,2379.81,4361.21,0.0921,0.8756,-11.564,-111.7033996582031,94.77870178222656,9.424400329589844,19.96570014953613,9.036499977111816,Alto,Alto,0.08674974836348004,0.22205380185322726,0.6911964497832928
259,De Todas las Flores,Natalia Lafourcade,Balada,Balada folk,MX,real,6.756,16.3,True,True,1431996,44873209,31.34,29,935199,0.6658,MX,ES,2,Consagrado,Major,False,0,9,324.59,99.4,0.1896000057458878,0.0944999977946281,1135.15,792.42,1767.77,2151.43,0.0406,1.2396,-14.6793,-197.7678985595703,132.5906066894531,26.15999984741211,29.32659912109375,15.25839996337891,Bajo,Medio,0.38849761463328797,0.5372993529622687,0.07420303240444331
260,Hasta la Raíz,Natalia Lafourcade,Balada,Balada folk,MX,real,6.756,16.3,True,True,1431996,44873209,31.34,29,935199,0.6658,CL,US,2,Consagrado,Major,False,0,4,220.94,103.4,0.2179999947547913,0.066600002348423,1826.79,598.99,2326.3,3998.52,0.066,1.4974,-14.3552,-94.65249633789062,99.12969970703124,7.956799983978271,34.28329849243164,12.17280006408691,Alto,Alto,0.2759716596278316,0.26537081896852416,0.45865752140364424
261,Tonería,Morat,Balada,Balada pop,CO,real,6.813,11.5,True,True,267956,5414735,20.21,79,156520,0.7043,AR,CL,3,Consagrado,Major,False,0,6,225.7,95.7,0.2502000033855438,0.1184000000357628,2495.32,898.51,2688.31,5725.9,0.0908,1.0426,-13.0754,-64.67639923095703,74.2654037475586,9.9266996383667,18.0442008972168,5.778200149536133,Alto,Alto,0.043673025335066264,0.2463323387627873,0.7099946359021464
262,Almería,Manuel Carrasco,Balada,Balada pop,ES,real,5.332,12.3,False,True,30475,702628,23.06,82,13076,0.531,VE,,1,Emergente,Major,False,0,7,323.85,136.0,0.1254999935626984,0.0542000010609626,2118.34,630.99,2266.71,4337.81,0.101,1.4699,-18.1141,-99.7759017944336,104.1421966552734,-19.21990013122559,5.355400085449219,-0.4332999885082245,Bajo,Bajo,0.9034363047276748,0.08772579387819114,0.008837901394133993
263,Alguien,Reik,Balada,Balada pop,MX,real,6.338,18.5,True,True,266722,2589309,9.71,69,69087,0.7752,US,GT,4,Consagrado,Major,False,0,4,209.79,129.2,0.1844000071287155,0.0910999998450279,1869.41,830.15,2186.42,3847.32,0.0764,1.0559,-14.5375,-121.1781005859375,104.263801574707,0.2187000066041946,26.88899993896484,14.10210037231445,Alto,Alto,0.019116020859662918,0.131141560280926,0.8497424188594112
264,Cancion_Sint_0137,Artista_Bld_0055,Balada,Balada folk,CO,sintetico,4.94,6.2,True,True,1542,18401,11.93,61,881,0.6307,AR,,1,Emergente,Indie,False,0,6,307.91,118.9,0.1547,0.0861,1573.74,716.09,1808.01,3004.84,0.0774,0.9141,-15.7549,-137.5705,105.0,1.0791,21.0354,-3.1614,Bajo,Bajo,0.9618307691478845,0.029623001083225096,0.008546229768890377
265,Cancion_Sint_0102,Artista_Bld_0021,Balada,Balada pop,MX,sintetico,6.017,5.9,False,True,75388,834558,11.07,60,43041,0.3032,US,,1,Emergente,Major,True,1,5,211.12,80.8,0.2523,0.12,2675.74,997.55,2650.35,5809.8,0.1129,1.2066,-12.3219,-110.0,74.6689,-2.1879,13.0624,8.435,Bajo,Bajo,0.9096478202483834,0.0778526631863127,0.012499516565303776
266,Cancion_Sint_0047,Artista_Bld_0002,Balada,Balada folk,ES,sintetico,7.049,8.8,True,True,1150410,22327905,19.41,69,656613,0.6312,MX,US,3,Consagrado,Major,False,0,1,140.51,136.0,0.1815,0.08,2180.05,787.17,2365.21,4742.77,0.0884,0.9129,-15.3437,-114.1046,86.3634,0.8322,26.6701,10.971,Medio,Medio,0.06858431006123777,0.6382205239397157,0.29319516599904644
267,Cancion_Sint_0121,Artista_Bld_0027,Balada,Balada folk,MX,sintetico,5.732,11.6,False,True,63393,573550,9.05,53,40911,0.609,MX,,1,Emergente,Indie,True,1,11,229.06,93.1,0.1868,0.0918,2236.07,788.26,2493.82,4972.71,0.0947,1.249,-16.0133,-110.0,90.416,9.4962,23.6925,-2.735,Bajo,Bajo,0.919915633381904,0.07006643645153222,0.01001793016656368
268,Cancion_Sint_0067,Artista_Bld_0023,Balada,Balada pop,VE,sintetico,6.013,10.2,False,True,158602,1348588,8.5,81,48871,0.4289,US,,1,Establecido,Major,False,0,4,256.44,98.1,0.0953,0.0801,1753.08,1078.75,2064.38,3567.63,0.0641,1.2201,-20.558,-213.4989,105.0,8.272,21.6303,13.1815,Medio,Bajo,0.521265614851331,0.44649436891575706,0.03224001623291199
269,Cancion_Sint_0038,Ricardo Montaner,Balada,Balada pop,VE,sintetico,5.459,17.2,False,True,33798,512353,15.16,92,22394,0.4299,MX,,1,Establecido,Major,False,0,8,280.71,81.9,0.1891,0.12,1959.26,790.65,2151.14,3886.02,0.0841,0.8386,-13.3997,-112.6757,102.7418,-11.1351,5.0,1.8327,Medio,Bajo,0.5507727486858733,0.4388835362948357,0.01034371501929104
270,Cancion_Sint_0043,Artista_Bld_0004,Balada,Balada folk,US,sintetico,7.107,15.2,True,True,3601979,55464462,15.4,100,1848009,0.5866,CO,ES,4,Consagrado,Indie,False,0,10,190.1,116.3,0.2061,0.1,1732.2,965.06,2209.56,3773.65,0.0511,1.2628,-16.3517,-171.9781,102.6924,22.5883,33.6143,15.9487,Medio,Medio,0.0738293203966871,0.6898751465203552,0.23629553308295762
271,Cancion_Sint_0135,Artista_Bld_0053,Balada,Balada pop,CL,sintetico,4.526,4.2,False,True,4920,68695,13.96,72,1850,0.662,PE,,1,Emergente,Indie,False,0,8,142.66,93.1,0.2717,0.12,1463.36,777.28,1752.27,2749.94,0.0654,1.0322,-10.0,-110.0,105.0,-2.3294,5.0,-1.1225,Bajo,Bajo,0.9389621554080106,0.05282199878681198,0.00821584580517749
272,Cancion_Sint_0082,El Canto del Loco,Balada,Balada pop,ES,sintetico,5.778,16.8,True,True,73290,718238,9.8,76,31313,0.3317,MX,ES,2,Consagrado,Indie,False,0,5,126.15,136.0,0.1941,0.0835,1976.52,835.61,2322.8,4360.9,0.0618,1.2062,-15.0672,-138.4161,99.6641,17.3997,26.9107,9.8545,Bajo,Bajo,0.7655898142814695,0.1944211934687908,0.0399889922497396
273,Cancion_Sint_0155,Artista_Bld_0033,Balada,Balada pop,AR,sintetico,5.267,3.3,True,True,10653,126829,11.91,48,3738,0.6388,ES,,1,Emergente,Indie,False,0,10,257.35,128.0,0.1854,0.0561,2130.36,707.92,2408.92,4493.38,0.087,1.0671,-17.7571,-117.1986,92.4509,-0.2631,17.9998,11.558,Bajo,Bajo,0.9693204214125446,0.024257761416942664,0.006421817170512751
274,Cancion_Sint_0136,Artista_Bld_0049,Balada,Balada rock,GT,sintetico,5.42,8.0,False,True,25629,347781,13.57,44,7742,0.3598,MX,BO,3,Emergente,Regional,False,0,3,221.83,95.5,0.1739,0.0605,2314.38,721.07,2522.84,4979.65,0.1028,1.1279,-16.938,-110.0,92.9307,-1.7936,20.0261,4.2207,Bajo,Bajo,0.6760662920707272,0.2343989134442087,0.08953479448506407
275,Cancion_Sint_0100,Artista_Bld_0004,Balada,Balada folk,US,sintetico,7.107,15.2,True,True,3601979,55464462,15.4,100,1848009,0.5866,MX,CL,2,Consagrado,Indie,False,0,12,166.33,94.0,0.2039,0.073,1986.19,762.64,2334.5,4204.72,0.0717,1.0825,-15.2472,-110.0,86.8799,8.54,28.9741,11.4183,Bajo,Bajo,0.7519817107507808,0.1698820849638622,0.07813620428535706
276,Cancion_Sint_0032,Fonseca,Balada,Balada pop,CO,sintetico,6.19,18.0,True,True,44249,384306,8.69,61,25553,0.5034,CO,MX,4,Consagrado,Major,False,0,7,172.96,104.2,0.2028,0.1083,2561.17,920.48,2412.55,5348.76,0.121,1.0592,-14.3574,-110.0,74.3961,-15.0,16.4528,-3.9858,Medio,Alto,0.03529913994967134,0.4741768247826393,0.49052403526768934
277,Nada Se Compara Contigo,Paty Cantú,Balada,Balada pop,MX,real,5.348,19.4,False,True,13635,197031,14.45,54,6877,0.3204,MX,,1,Consagrado,Major,False,0,4,246.32,129.2,0.1715999990701675,0.1019999980926514,1754.68,585.65,1988.03,3574.59,0.0773,0.8828,-14.4258,-130.9467010498047,111.2602996826172,-8.014699935913086,31.92849922180176,1.570000052452087,Bajo,Bajo,0.8136752696774138,0.1607355582162364,0.02558917210634979
278,Tú Eres la Droga,Lasso,Balada,Balada pop,VE,real,6.545,14.1,False,True,369298,3009040,8.15,89,192631,0.6041,AR,,1,Consagrado,Major,False,0,1,225.65,80.75,0.2766000032424927,0.1006999984383583,2161.33,873.81,2276.46,4498.14,0.0984,1.0599,-11.9383,-42.56019973754883,89.93070220947266,-3.11139988899231,31.54380035400391,5.389200210571289,Bajo,Bajo,0.8188305416513946,0.1409227019665497,0.04024675638205569
279,Cancion_Sint_0048,Artista_Bld_0007,Balada,Balada rock,ES,sintetico,6.509,10.7,True,True,611687,9280332,15.17,60,136098,0.4386,MX,ES,4,Establecido,Indie,False,0,2,232.52,86.7,0.1754,0.0964,1864.71,846.24,2309.52,4163.27,0.0638,1.2198,-16.952,-143.3559,105.0,12.8083,17.9469,2.4393,Medio,Medio,0.03698469190140302,0.8322643251625147,0.13075098293608234
280,Cancion_Sint_0021,Artista_Bld_0023,Balada,Balada pop,VE,sintetico,6.013,10.2,False,True,158602,1348588,8.5,81,48871,0.4289,VE,MX,3,Establecido,Major,False,0,1,242.85,72.0,0.1345,0.0656,2570.92,734.18,2520.56,5470.3,0.1154,1.3738,-17.3516,-110.0,87.4434,-13.2741,14.0627,11.0424,Alto,Alto,0.21969460244998731,0.3458983486069747,0.43440704894303794
281,Cancion_Sint_0090,Chayanne,Balada,Balada pop,PR,sintetico,5.556,17.0,True,True,52128,653444,12.54,75,26618,0.4594,CO,US,2,Consagrado,Major,False,0,6,232.22,71.9,0.1331,0.0313,2412.06,732.22,2801.42,5651.76,0.0846,1.2206,-19.8567,-140.7876,80.7093,23.9271,35.3494,16.4074,Bajo,Bajo,0.6803440127967845,0.213314136395449,0.1063418508077665
282,Quédate,Reik,Balada,Balada pop,MX,real,6.338,18.5,True,True,266722,2589309,9.71,69,69087,0.7752,MX,CL,2,Consagrado,Major,False,0,8,203.89,95.7,0.1673000007867813,0.0854000002145767,2606.9,1008.47,2815.23,5961.79,0.0992,1.1351,-16.0951,-117.4318008422852,73.28399658203125,18.25559997558594,22.90900039672852,18.94020080566406,Bajo,Bajo,0.5048459252727672,0.2526762776665391,0.24247779706069367
283,¿Con Quién Se Queda el Perro?,Jesse & Joy,Balada,Balada pop,MX,real,7.17,17.1,False,False,1812905,38659261,21.32,54,683047,0.8292,MX,US,5,Consagrado,Major,False,0,10,228.32,95.7,0.096900001168251,0.0603000000119209,2372.31,963.5,2416.07,4822.75,0.111,0.8955,-19.8906,-183.00390625,77.8895034790039,-1.313099980354309,23.9503002166748,7.297900199890137,Medio,Alto,0.02369664898372644,0.3970659733772339,0.5792373776390396
284,Tu Falta de Querer,Mon Laferte,Balada,Balada rock,CL,real,6.813,13.8,True,False,748873,9273229,12.38,58,488644,0.6272,CO,US,5,Consagrado,Major,False,0,10,278.87,86.1,0.0922000035643577,0.0303000006824731,1931.04,711.68,2252.25,3989.85,0.0795,1.064,-21.836,-188.4232940673828,95.47989654541016,-4.664000034332275,29.00919914245605,16.66679954528809,Alto,Alto,0.012634307497970544,0.06365165068445636,0.9237140418175731
285,Prometo,Pablo Alborán,Balada,Balada pop,ES,real,6.616,16.7,False,False,565278,9385990,16.6,58,241959,0.7403,PE,US,2,Consagrado,Major,False,0,1,360.58,123.0,0.1230999976396561,0.1022000014781952,1610.69,983.4,2037.87,3346.82,0.0565,0.8845,-16.1637,-231.7326049804688,108.4057998657227,23.44400024414062,16.51609992980957,0.6309999823570251,Medio,Medio,0.14296461307548544,0.7937846687536121,0.06325071817090241
286,Aquí Estoy Yo,Luis Fonsi,Balada,Balada pop,PR,real,5.959,17.5,True,True,82717,1027047,12.42,52,34997,0.6351,MX,PR,5,Consagrado,Indie,False,0,6,247.94,76.0,0.1973000019788742,0.0812000036239624,1851.32,711.64,2112.88,3799.85,0.081,0.9607,-14.3101,-90.59660339355467,110.4468994140625,-5.348199844360352,24.4463005065918,6.026500225067139,Alto,Alto,0.02161904127090714,0.07441044368440224,0.9039705150446906
287,Cancion_Sint_0036,Rozalén,Balada,Balada folk,ES,sintetico,5.892,10.7,True,True,40062,679359,16.96,79,14928,0.3745,MX,CL,2,Establecido,Major,False,0,2,272.28,86.3,0.0859,0.0449,1606.29,852.12,2296.89,3918.94,0.04,1.0036,-22.5264,-220.0,103.3491,35.0,34.4485,13.3391,Medio,Medio,0.27388552871542093,0.6845057870040059,0.041608684280573204
288,Cuando Nadie Ve,Morat,Balada,Balada pop,CO,real,6.813,11.5,True,True,267956,5414735,20.21,79,156520,0.7043,MX,US,6,Consagrado,Major,True,1,6,225.7,95.7,0.2502000033855438,0.1184000000357628,2495.32,898.51,2688.31,5725.9,0.0908,1.0426,-13.0754,-64.67639923095703,74.2654037475586,9.9266996383667,18.0442008972168,5.778200149536133,Alto,Alto,0.009841236366834961,0.08285666895296942,0.9073020946801956
289,Cancion_Sint_0094,Artista_Bld_0007,Balada,Balada rock,ES,sintetico,6.509,10.7,True,True,611687,9280332,15.17,60,136098,0.4386,CL,CO,2,Establecido,Indie,False,0,9,182.85,117.7,0.1897,0.093,2037.12,732.21,2354.57,4407.35,0.0751,1.2404,-14.7846,-110.0,90.6752,0.7183,21.7477,11.7322,Bajo,Bajo,0.8144445715898463,0.13278889891837725,0.05276652949177637
290,Se Fue,Coti,Balada,Balada pop,AR,real,6.572,16.6,True,True,3206790,34402981,10.73,82,903182,0.5586,AR,CL,4,Consagrado,Major,False,0,7,229.0,136.0,0.1371999979019165,0.0489999987185001,2581.02,650.76,2661.42,5563.66,0.1166,1.0935,-17.848,-78.78929901123047,76.19840240478516,1.00220000743866,27.91189956665039,8.815699577331543,Alto,Alto,0.028595888543380847,0.151273136198106,0.8201309752585132
291,Bonita,Juanes,Balada,Balada pop,CO,real,6.403,19.3,True,True,436350,5791768,13.27,65,110809,0.6194,MX,VE,5,Consagrado,Major,False,0,9,155.57,80.75,0.2446999996900558,0.1058999970555305,2558.17,822.94,2548.61,5440.35,0.1139,1.4014,-12.4336,-47.90069961547852,69.34750366210938,-9.430899620056152,8.241499900817871,0.6833000183105469,Alto,Alto,0.009757230264677647,0.1403975122305097,0.8498452575048127
292,Cancion_Sint_0095,Artista_Bld_0003,Balada,Balada pop,ES,sintetico,6.949,11.9,True,True,1565341,17756582,11.34,91,742561,0.8308,ES,MX,2,Consagrado,Major,False,0,1,312.41,93.7,0.1636,0.0821,1549.25,842.9,1974.19,3119.12,0.0707,0.9728,-16.0418,-165.2511,105.0,13.8022,27.353,10.1378,Bajo,Bajo,0.5414064955734754,0.3325060438632581,0.12608746056326642
293,Cancion_Sint_0072,Artista_Bld_0055,Balada,Balada folk,CO,sintetico,4.94,6.2,True,True,1542,18401,11.93,61,881,0.6307,ES,MX,2,Emergente,Indie,False,0,8,273.51,86.6,0.1549,0.0656,1984.68,859.43,2322.47,4380.03,0.0806,1.0369,-15.565,-110.0,105.0,2.0196,5.0,-2.5432,Medio,Bajo,0.6789951497258964,0.3004602144934802,0.020544635780623433
294,Quedarme Contigo,Chayanne,Balada,Balada pop,PR,real,5.556,17.0,True,True,52128,653444,12.54,75,26618,0.4594,US,AR,5,Consagrado,Major,True,1,10,213.93,123.0,0.0803000032901763,0.0436999984085559,2034.35,922.8,2438.17,4517.24,0.0799,1.0333,-21.4996,-202.3874969482422,101.9143981933594,19.11779975891113,24.53890037536621,3.409499883651733,Medio,Medio,0.022923613726402076,0.5675026523675409,0.409573733906057
295,Saturno,Pablo Alborán,Balada,Balada pop,ES,real,6.616,16.7,False,False,565278,9385990,16.6,58,241959,0.7403,US,ES,6,Consagrado,Major,False,0,9,253.77,129.2,0.1820999979972839,0.1000000014901161,1981.41,793.94,2372.78,4473.18,0.0743,0.945,-14.6755,-112.7843017578125,98.4770965576172,14.93019962310791,27.93630027770996,2.712199926376343,Alto,Alto,0.015043147736353374,0.18577262903378927,0.7991842232298573
296,Cancion_Sint_0104,Artista_Bld_0014,Balada,Balada pop,PR,sintetico,5.991,10.8,True,True,81208,1059250,13.04,76,47280,0.4997,US,ES,2,Establecido,Major,False,0,9,235.18,85.9,0.1459,0.0369,2511.81,664.88,2593.55,5509.06,0.1073,0.7911,-18.6484,-110.0,79.3655,3.814,46.1045,9.3851,Bajo,Bajo,0.74071031073567,0.21393616988712688,0.0453535193772031
297,Lo Que Yo Dé,Sin Bandera,Balada,Balada pop,MX,real,4.611,17.0,True,True,9899,137713,13.91,81,6440,0.4312,MX,CO,5,Establecido,Major,False,0,2,296.57,129.2,0.2157000005245209,0.1322000026702881,2169.62,899.09,2447.9,4875.7,0.0843,0.9656,-13.0342,-95.84739685058594,92.91429901123048,11.15590000152588,21.42000007629395,3.80649995803833,Medio,Medio,0.038344275847476496,0.8152287555258569,0.14642696862666654
298,Cancion_Sint_0158,Artista_Bld_0053,Balada,Balada pop,CL,sintetico,4.526,4.2,False,True,4920,68695,13.96,72,1850,0.662,MX,,1,Emergente,Indie,False,0,9,239.75,100.2,0.1878,0.105,1889.02,968.17,2124.37,3879.19,0.0805,1.1554,-13.9127,-121.9468,105.0,-1.6802,10.1488,-2.0908,Bajo,Bajo,0.9427510210097745,0.0510252504331422,0.0062237285570833165
299,Todo lo que Tengo Soy Yo,Lasso,Balada,Balada pop,VE,real,6.545,14.1,True,True,369298,3009040,8.15,89,192631,0.6041,ES,US,2,Consagrado,Major,True,1,4,269.72,123.0,0.286300003528595,0.0952000021934509,1994.4,644.6,2128.25,4095.88,0.092,1.1093,-11.6884,-33.21860122680664,108.219596862793,-14.390700340271,16.59099960327148,-4.519499778747559,Medio,Medio,0.2787366891640321,0.5963587005772233,0.12490461025874464
300,Cancion_Sint_0151,Artista_Bld_0058,Balada,Balada pop,CO,sintetico,5.455,5.3,False,False,41049,445068,10.84,42,14025,0.6186,MX,AR,3,Emergente,Major,True,1,4,300.63,83.2,0.1785,0.1132,2067.02,965.36,2184.72,4214.41,0.0911,0.9651,-14.735,-113.9748,105.0,-3.9391,5.5984,-5.0,Bajo,Medio,0.4353541527703578,0.47262562734192975,0.09202021988771251
301,Cancion_Sint_0074,Artista_Bld_0045,Balada,Balada pop,MX,sintetico,4.176,1.4,False,False,943,11627,12.33,41,209,0.2866,MX,US,4,Emergente,Major,False,0,2,212.78,92.0,0.1201,0.047,2883.68,659.58,3000.93,6389.66,0.1183,1.1192,-18.8455,-110.0,60.0,8.9476,39.0194,12.088,Medio,Medio,0.18664614897796464,0.6030632795231777,0.21029057149885763
302,Carta de Amor,Morat,Balada,Balada pop,CO,real,6.813,11.5,True,True,267956,5414735,20.21,79,156520,0.7043,US,MX,4,Consagrado,Major,False,0,6,206.22,86.1,0.0658999979496002,0.0379000008106231,3009.29,1042.41,2949.88,6786.5,0.1231,0.9325,-24.3735,-181.9031066894531,64.34380340576172,12.11890029907227,10.81079959869385,8.941399574279785,Alto,Alto,0.01675608569283441,0.1802905201708029,0.8029533941363627
303,Tu Recuerdo,Prince Royce,Balada,Balada/bachata,US,real,7.272,15.3,True,True,1015344,11572032,11.4,87,417120,0.632,US,DO,2,Consagrado,Major,False,0,3,253.07,129.2,0.2313999980688095,0.0886000022292137,2266.21,738.64,2550.55,5158.7,0.0895,1.01,-13.1074,-67.51000213623047,93.48590087890624,4.372700214385986,16.05159950256348,2.0139000415802,Alto,Medio,0.24925156189546,0.4300723542959792,0.3206760838085608
304,Cancion_Sint_0005,Camila,Balada,Balada pop,MX,sintetico,6.67,19.0,True,True,1092710,35127307,32.15,50,379820,0.6064,MX,US,5,Consagrado,Major,False,0,5,208.43,101.0,0.0993,0.0547,2173.67,823.18,2305.89,4661.18,0.0923,1.0461,-19.4909,-160.6814,90.0426,-5.8126,19.9072,2.7697,Alto,Alto,0.011190041828839713,0.11670250262777021,0.87210745554339
305,Cancion_Sint_0020,Artista_Bld_0017,Balada,Balada pop,CL,sintetico,5.813,5.5,True,True,117624,717859,6.1,15,77735,0.6782,CL,PE,4,Emergente,Indie,False,0,3,167.92,105.7,0.2656,0.12,2215.04,770.36,2299.72,4551.87,0.0946,0.9361,-12.3295,-110.0,80.3458,-15.0,14.0373,3.1462,Alto,Alto,0.13201739357181871,0.25356290977198526,0.614419696656196
306,Cancion_Sint_0162,Artista_Bld_0051,Balada,Balada pop,MX,sintetico,5.31,4.2,False,False,11051,114503,10.36,90,6211,0.2893,PR,PE,3,Emergente,Regional,False,0,8,225.89,116.4,0.1339,0.049,2063.82,724.44,2422.09,4555.06,0.0805,1.2383,-19.3792,-152.4022,102.543,10.9153,17.2299,10.5801,Bajo,Bajo,0.6405354959243069,0.27514819847687844,0.08431630559881463
307,Cancion_Sint_0018,Artista_Bld_0013,Balada,Balada pop,MX,sintetico,6.262,5.8,True,True,76064,359113,4.72,44,17995,0.4474,MX,ES,3,Emergente,Indie,False,0,3,178.46,101.1,0.0861,0.0698,1385.16,1074.8,1961.4,2981.17,0.0532,1.1631,-19.6878,-220.0,105.0,22.304,13.0863,7.1689,Alto,Medio,0.19531646198879948,0.44469331747021873,0.35999022054098184
308,La Diferencia,Mon Laferte,Balada,Balada pop,CL,real,6.813,13.8,True,True,748873,9273229,12.38,58,488644,0.6272,CL,ES,3,Consagrado,Major,True,1,4,276.83,86.1,0.1905999928712845,0.0662999972701072,1905.13,598.35,2257.72,4089.12,0.0821,1.1274,-15.1994,-83.22489929199219,111.7142028808594,-0.3953999876976013,10.91460037231445,-0.7875000238418579,Alto,Alto,0.06186535550221973,0.301918748968511,0.6362158955292694
309,Diciéndole Adiós,Kany García,Balada,Balada pop,PR,real,6.104,17.7,True,True,140460,1724273,12.28,77,70631,0.5073,MX,US,4,Consagrado,Major,False,0,10,234.87,71.8,0.1377000063657761,0.0586999990046024,1778.58,727.83,2185.98,3660.26,0.072,1.074,-17.1411,-140.0229034423828,116.9362030029297,4.771500110626221,17.95499992370605,2.882999897003174,Alto,Alto,0.024127577836204055,0.17070148414954842,0.8051709380142476
310,Amor sin Nombre,Beret,Balada,Balada pop,ES,real,6.636,10.1,False,False,357213,7288018,20.4,56,240814,0.4742,ES,MX,4,Consagrado,Major,False,0,1,235.13,89.1,0.2829999923706055,0.1143999993801117,1964.11,864.78,2205.39,4251.8,0.0771,0.9704,-11.9224,-50.35430145263672,105.0963973999023,4.093800067901611,19.87770080566406,1.731600046157837,Medio,Medio,0.026328496361597384,0.5477785372285743,0.4258929664098283
311,Cancion_Sint_0066,Artista_Bld_0026,Balada,Balada pop,MX,sintetico,6.238,5.6,False,False,426805,2435585,5.71,41,246513,0.5963,MX,CO,3,Establecido,Indie,False,0,12,249.97,109.2,0.1456,0.0783,1651.31,566.02,2182.79,3566.31,0.0599,0.9403,-17.8068,-178.1261,105.0,10.7622,25.0664,11.2941,Medio,Medio,0.13884232367214114,0.7515501154699291,0.10960756085792978
312,Cancion_Sint_0083,Luis Fonsi,Balada,Balada pop,PR,sintetico,5.959,17.5,True,False,82717,1027047,12.42,52,34997,0.6351,MX,PR,2,Consagrado,Indie,False,0,7,172.43,117.3,0.1648,0.0625,2516.92,691.21,2795.92,5836.02,0.1023,1.1803,-15.8133,-110.0,86.0004,6.9766,25.3462,2.4302,Bajo,Bajo,0.6332689157305847,0.26081031176678254,0.10592077250263271
313,Dormir Contigo,Sebastián Yatra,Balada,Balada pop,CO,real,6.778,17.3,True,True,859634,14955744,17.4,79,229897,0.8208,PE,MX,2,Consagrado,Major,False,0,7,215.62,76.0,0.208299994468689,0.1216000020503998,1606.0,771.14,1882.2,3163.71,0.064,0.815,-14.6341,-134.6732940673828,117.1336975097656,-3.086600065231323,14.472900390625,4.821599960327148,Medio,Medio,0.15679431456670048,0.7315990319149879,0.11160665351831159
314,El Asunto,Pablo Alborán,Balada,Balada pop,ES,real,6.616,16.7,False,False,565278,9385990,16.6,58,241959,0.7403,CL,MX,4,Consagrado,Major,False,0,5,247.22,71.8,0.1384000033140182,0.0759000033140182,2149.54,870.51,2380.09,4686.32,0.0813,0.957,-17.6008,-136.7154998779297,90.0634994506836,5.219799995422363,29.64080047607422,4.522500038146973,Alto,Alto,0.028230464740803842,0.19433316099855846,0.7774363742606376
315,Cancion_Sint_0107,Artista_Bld_0020,Balada,Balada pop,ES,sintetico,5.639,11.5,False,True,23665,348087,14.71,36,8385,0.4761,ES,,1,Establecido,Major,False,0,4,330.78,105.3,0.065,0.0362,2302.28,913.02,2318.36,4833.32,0.1082,1.1661,-21.9261,-167.0866,97.6937,-3.5333,19.9889,1.6946,Bajo,Bajo,0.921101477236438,0.0725066359146864,0.00639188684887557
316,Cancion_Sint_0022,Artista_Bld_0038,Balada,Balada pop,ES,sintetico,5.471,8.3,True,True,22203,241155,10.86,76,4901,0.3248,ES,CL,3,Emergente,Indie,False,0,4,269.02,107.8,0.1016,0.0231,2445.91,730.47,2514.34,5217.36,0.109,1.268,-22.6854,-112.3092,87.2896,-4.614,32.9081,8.8178,Alto,Bajo,0.3995587073557292,0.3270473323799232,0.27339396026434765
317,Cancion_Sint_0124,Artista_Bld_0042,Balada,Balada pop,AR,sintetico,4.58,4.4,False,False,18737,190211,10.15,48,6313,0.6475,US,ES,2,Emergente,Regional,False,0,6,221.26,93.3,0.1473,0.0543,2142.8,754.5,2437.98,4636.87,0.091,1.095,-16.1999,-110.0,105.0,-2.1798,5.0,-3.0518,Bajo,Bajo,0.8457808719758415,0.1373306538568663,0.016888474167292115
318,Cancion_Sint_0088,Chayanne,Balada,Balada pop,PR,sintetico,5.556,17.0,True,True,52128,653444,12.54,75,26618,0.4594,MX,,1,Consagrado,Major,False,0,5,248.49,60.1,0.056,0.02,1918.4,928.7,2217.33,4015.69,0.0764,1.0715,-24.1176,-220.0,101.6755,16.3837,31.7328,3.2673,Bajo,Bajo,0.7629928844149642,0.21830908505999833,0.01869803052503746
319,Cancion_Sint_0139,Artista_Bld_0036,Balada,Balada pop,CO,sintetico,4.857,8.0,False,False,23558,229957,9.76,57,10739,0.4532,EC,,1,Emergente,Major,False,0,10,244.29,107.0,0.1269,0.02,1416.76,599.25,1759.47,2661.03,0.071,1.2608,-18.7063,-157.7607,105.0,5.9607,28.1314,0.6174,Bajo,Bajo,0.9582522246207955,0.03340213253541607,0.00834564284378838
320,17 Años,Andrés Cepeda,Balada,Balada romántica,CO,real,7.107,14.7,False,True,1901146,13395210,7.05,28,1208963,0.6545,AR,CO,4,Consagrado,Major,False,0,11,154.92,99.4,0.2114000022411346,0.0820999965071678,1709.42,852.49,2170.76,3760.28,0.0573,1.0859,-14.1405,-129.4337005615234,103.4792022705078,14.99870014190674,30.78790092468262,7.411300182342529,Medio,Medio,0.02997742803403514,0.7084096042122429,0.2616129677537221
321,El Sol No Regresa,La Quinta Estación,Balada,Balada pop,ES,real,6.453,18.6,True,True,344185,3760965,10.93,56,209485,0.4284,CO,US,4,Consagrado,Major,False,0,10,225.37,129.2,0.1202000007033348,0.0410999990999698,1770.85,574.26,1945.79,3553.32,0.0892,1.0564,-18.9473,-127.1596984863281,119.0326995849609,-21.31419944763184,31.72540092468262,4.154900074005127,Alto,Alto,0.017959956273087656,0.16917993497784564,0.8128601087490667
322,Puede Ser,El Canto del Loco,Balada,Balada pop,ES,real,5.778,16.8,True,True,73290,718238,9.8,76,31313,0.3317,MX,,1,Consagrado,Indie,False,0,10,176.61,95.7,0.1093000024557114,0.0606999993324279,2354.63,833.3,2532.13,5126.79,0.0993,1.0216,-18.9906,-141.1851959228516,86.11039733886719,2.556299924850464,22.69499969482422,4.075799942016602,Bajo,Bajo,0.8647685461170095,0.11820472914026728,0.017026724742723234
323,El Mismo Sol de Siempre,Luciano Pereyra,Balada,Balada romántica,AR,real,6.117,10.9,True,True,199548,3298384,16.53,44,100639,0.5489,CO,DO,5,Establecido,Indie,False,0,1,327.91,69.8,0.1092000007629395,0.0703999996185302,1717.95,447.4,1913.56,3285.71,0.083,0.9513,-18.7139,-156.460205078125,111.0904998779297,-28.02610015869141,12.78170013427734,2.348000049591064,Medio,Medio,0.05146324632134583,0.6537423176395631,0.294794436039091
324,Mil Pedazos,Juanes,Balada,Balada rock,CO,real,6.403,19.3,True,True,436350,5791768,13.27,65,110809,0.6194,CO,MX,2,Consagrado,Major,False,0,3,199.97,129.2,0.1342000067234039,0.0410999990999698,2453.72,755.05,2591.29,5458.97,0.0997,1.3101,-18.5272,-93.76439666748048,83.02030181884766,4.608099937438965,20.55690002441406,4.098800182342529,Medio,Medio,0.24703111698726515,0.5602619724638213,0.19270691054891356
325,Cancion_Sint_0045,Artista_Bld_0008,Balada,Balada pop,ES,sintetico,7.0,16.5,True,True,934603,9865811,10.56,68,505746,0.8014,MX,EC,2,Consagrado,Indie,False,0,7,268.79,95.6,0.1427,0.0949,2480.02,876.44,2523.59,5591.5,0.109,0.8072,-16.8462,-110.0,79.4817,1.4651,16.4794,-5.0,Medio,Medio,0.3028096321362467,0.6058509523430299,0.09133941552072346
326,Si el Amor Existiera,David Bisbal,Balada,Balada pop,ES,real,6.057,18.5,True,True,116844,1646493,14.09,52,59510,0.631,ES,CO,2,Consagrado,Major,False,0,1,231.36,86.15,0.1739999949932098,0.0753000006079673,2170.91,754.94,2411.24,4670.56,0.0831,0.9999,-15.6375,-101.431999206543,87.2531967163086,4.505599975585938,28.30500030517578,1.565099954605103,Medio,Medio,0.267390119746261,0.6090477313631801,0.12356214889055887
327,Cancion_Sint_0163,Artista_Bld_0041,Balada,Balada pop,AR,sintetico,5.21,4.6,True,True,42686,247110,5.79,24,14135,0.5077,ES,,1,Emergente,Major,False,0,9,289.87,105.4,0.0837,0.0548,1771.24,761.06,2116.08,3860.77,0.0685,1.0925,-21.6196,-188.8762,105.0,3.1083,15.7125,0.6472,Bajo,Bajo,0.9469524363737756,0.045793851094372263,0.007253712531852106
328,Cómo Te Atreves,Morat,Balada,Balada pop,CO,real,6.813,11.5,True,True,267956,5414735,20.21,79,156520,0.7043,PA,CL,3,Consagrado,Major,False,0,11,244.88,129.2,0.2312999963760376,0.1112999990582466,2609.94,890.81,2600.84,5677.83,0.1195,0.9698,-12.9436,-43.02239990234375,71.793701171875,3.690900087356567,23.7460994720459,1.588099956512451,Alto,Alto,0.039112281889515606,0.3653636691663608,0.5955240489441235
329,Cancion_Sint_0019,Artista_Bld_0027,Balada,Balada folk,MX,sintetico,5.732,11.6,False,True,63393,573550,9.05,53,40911,0.609,MX,DO,5,Emergente,Indie,False,0,7,273.79,104.1,0.2031,0.0819,1629.5,648.55,1975.95,3333.29,0.0758,1.0511,-14.3523,-120.4269,105.0,8.5531,22.9287,6.5453,Alto,Alto,0.0856306348531222,0.2908859439198568,0.623483421227021
330,Bésame,Camila,Balada,Balada pop,MX,real,6.67,19.0,True,True,1092710,35127307,32.15,50,379820,0.6064,MX,PE,4,Consagrado,Major,False,0,4,250.87,86.15,0.0908999964594841,0.0612999983131885,2465.47,977.06,2607.95,5363.69,0.1006,0.8165,-20.8475,-180.9122924804688,76.31729888916016,10.00010013580322,31.70359992980957,11.17140007019043,Alto,Alto,0.014536341198452348,0.16932284610582848,0.8161408126957191
331,Yo Te Esperaré,Reik,Balada,Balada pop,MX,real,6.338,18.5,False,True,266722,2589309,9.71,69,69087,0.7752,ES,MX,5,Consagrado,Major,True,1,4,253.33,117.5,0.2252999991178513,0.1023000031709671,2319.52,970.17,2482.34,5105.36,0.0958,1.0932,-13.3507,-70.68360137939453,81.79100036621094,10.23060035705566,18.34819984436035,6.824399948120117,Alto,Alto,0.010370437457894741,0.07467923537783147,0.9149503271642738
332,Cancion_Sint_0101,Artista_Bld_0018,Balada,Balada pop,ES,sintetico,5.724,12.5,False,True,53214,614299,11.54,79,24560,0.3455,CO,ES,3,Establecido,Indie,False,0,3,172.54,105.9,0.0615,0.0631,2040.01,832.79,2357.2,4350.31,0.0863,1.0302,-19.6317,-207.5951,92.3236,14.6122,25.8444,5.0754,Bajo,Medio,0.39853275947826944,0.4625054398512394,0.138961800670491
333,Que el Cielo Espere Sentado,Natalia Lafourcade,Balada,Balada folk,MX,real,6.756,16.3,True,True,1431996,44873209,31.34,29,935199,0.6658,PA,,1,Consagrado,Major,False,0,12,220.68,136.0,0.1289000064134598,0.0843999981880188,2283.85,1388.75,2589.98,5024.01,0.0946,1.1591,-18.8323,-201.3659057617188,88.34929656982422,33.39250183105469,13.48810005187988,5.673900127410889,Medio,Medio,0.29592185568437734,0.6623770995753444,0.04170104474027827
